title,image,ingredients,instructions
Pinoy Breakfast Omelet and Bacon Garlic Fried Rice,https://panlasangpinoy.com/wp-content/uploads/2023/07/Pinoy-Breakfast-Omelet-and-Bacon-Garlic-Fried-Rice-750x750.jpg,"['▢ 5 eggs', '▢ 1 ½ teaspoons Knorr Liquid Seasoning', '▢ 1 tomato sliced', '▢ 1 onion sliced', '▢ ½ cup cheddar cheese grated', '▢ ½ cup green onions chopped', '▢ 2 tablespoons butter', '▢ 3 tablespoons cooking oil', '▢ 4 cups cooked rice', '▢ 8 strips bacon cut into small pieces', '▢ 5 cloves garlic', '▢ 2 teaspoons Knorr Liquid Seasoning', '▢ ¼ cup green onions chopped', '▢ Salt and ground black pepper to taste']","['Make the fried rice by searing the bacon until the fat gets extracted and the bacon becomes crispy. Note: You will only need around 3 tablespoons of bacon fat. Remove the excess fat for later use.', 'Once the bacon gets crispy, add the minced garlic. Cook until it starts to brown.', 'Put the rice into the pan (using leftover rice is ideal for this recipe). Stir-fry for 3 minutes.', 'Add Knorr Liquid Seasoning, salt, and ground black pepper, and green onions. Toss and cook for 2 minutes. Transfer to a serving plate. Set aside.', 'Make the breakfast omelet by heating 3 tablespoons of cooking oil in a pan. Saute the onion until tender. Remove and set aside.', 'Using the same pan with remaining oil, arrange the sliced tomatoes in a way that it covers the pan.', 'Add the butter. Let it melt. Cook the tomato for 1 minute.', 'Add green onions and put the sauteed onion back into the pan while distributing it evenly.', 'Beat the eggs and add Knorr Liquid Seasoning. Pour the mixture over the onions. Top with grated cheese.', 'Cover the pan. Adjust the heat to the lowest setting. Continue cooking until the eggs get stiff and the cheese is completely melted. Transfer to a serving plate. Serve with fried rice for breakfast.', 'Share and enjoy!']"
Air Fryer Longganisa Frittata Recipe,https://panlasangpinoy.com/wp-content/uploads/2023/01/longganisa-frittata-jpg-webp-750x750.webp,"['▢ 6 CDO Skinless Longganisa cooked', '▢ 6 eggs', '▢ 1 bell pepper chopped', '▢ ½ cup frozen green peas', '▢ ½ cup cheddar cheese', '▢ 1 teaspoon salt']","['Slice the longganisa in half. Set aside.', 'Beat the eggs in a large bowl. Season with salt.', 'Add bell pepper, green peas, and cheddar cheese. Mix well.', 'Scoop a portion of the egg mixture into a silicon air fryer cup. Top with two slices of longganisa.', 'Air fry in 190C for 15 minutes or until the eggs gets cooked completely.', 'Remove the frittata from the silicon cups and arrange it on a serving plate.', 'Serve. Share and enjoy!']"
Breakfast Burrito,https://panlasangpinoy.com/wp-content/uploads/2023/01/burrito-wrap-jpg-webp-750x750.webp,"['▢ 225 g CDO Funtastyk Young Pork Tocino', '▢ 2 ½ cups cooked rice', '▢ 3 eggs', '▢ 1 cup cheddar cheese shredded', '▢ 4 flour tortillas', '▢ 1 ½ cups romaine lettuce shredded', '▢ 3 tomatoes diced', '▢ 2 tablespoons fresh milk', '▢ 2 tablespoons butter', '▢ 1 teaspoon white vinegar']","['Cook the tocino by heating 3 tablespoons of cooking oil in a pan. Adjust your stove between low to medium heat setting. Fry both sides of our CDO Funtastyk Young Pork Tocino until it browns (note: no need to boil). Remove the tocino from the pan. Slice it into serving pieces. Set aside', 'Make the scrambled eggs by combining eggs and fresh milk. Beat until the mixture smoothens. Heat a pan and melt the butter. Once the butter gets hot enough, pour the egg mixture and stir constantly while cooking. Once the texture becomes less runny, add 2 tablespoons of shredded cheddar cheese, and then stir. Transfer to a clean plate. Set aside.', 'Prepare the rice by pouring vinegar over it. Mix well and set aside.', 'Assemble the burrito. Start by spreading the rice over the tortilla. Top with lettuce, tomato, cheese, egg, and CDO Funtastyk Young Pork Tocino. Secure the contents by wrapping the flour tortilla. Arrange on a serving platter. Serve for breakfast. Share and enjoy!']"
One Pan Sandwich,https://panlasangpinoy.com/wp-content/uploads/2023/01/one-pan-sandwich-recipe-jpg-webp-750x750.webp,"['▢ 5 strips CDO Young Pork Bacon', '▢ 2 eggs', '▢ 2 bread slices', '▢ 2 tablespoons mayonnaise', '▢ 2 tablespoons butter', '▢ 3 tablespoons cooking oil']","['Heat around 1 tablespoon of cooking oil in a pan. Cook one side of the CDO young Pork Bacon until it becomes crispy (Note: use low to medium heat setting). Turn the bacon over and do the same to the opposite side. Remove the bacon and chop into smaller pieces. Set aside.', 'Beat the eggs until smooth. Note: you may add salt if you want.', 'Heat 2 tablespoons of cooking oil in a pan. Pour the beaten egg. Cook until firm. Turn it over and continue cooking the other side.', 'Meanwhile, spread mayonnaise on one side of each bread slice. Put both bread slices side-by-side on top of the egg with the mayonnaise side facing down.', 'Spread butter over each bread slice.', 'Using a wide spatula, flip the egg and bread so that the side of the bread with butter touches the pan.', 'Arrange CDO Young Pork Bacon on top of the egg (do this only on one side). Continue cooking until the side of the bread that touches the pan turns golden brown in color.', 'Secure sandwich by folding the bread wherein one bread slice is on top and the other is on the bottom.', 'Remove the sandwich from the pan. Serve for breakfast. Share and enjoy!']"
Bacon Stuffed Pancake,https://panlasangpinoy.com/wp-content/uploads/2023/01/bacon-pancake-jpg-webp-750x750.webp,"['▢ 5 strips CDO Young Pork Bacon', '▢ 1 cup pancake mix', '▢ 1 egg', '▢ 3/4 water', '▢ 1 tablespoon canola oil']","['Heat around 1 tablespoon of cooking oil in a pan. Cook one side of the CDO young Pork Bacon until it becomes crispy (Note: use low to medium heat setting). Turn the bacon over and do the same to the opposite side. Remove the bacon and chop into smaller pieces. Set aside.', 'Combine all the pancake batter ingredients in a mixing bowl. Mix well usinng a wire whisk.', 'Heat a clean non-stick pan and spread around 1 tablespoon of canolaoil.', 'Scoop around 6 tablespoons of pancake batter and pour it into the pan. Top with some bacon sliced.', 'Flip the pancake once you see bubbling on top. Continue cooking for 30 seconds to 1 minute. You will know that you are done when the pancake slides freely when you shake the pan. Transfer to a serving plate. Do the same step until the entire pancake batter is consumed.', 'Serve with extra CDO Young Pork Bacon on the side. Enjoy with your favorite drink for breakfast.']"
Tapa and Egg Fried Rice,https://panlasangpinoy.com/wp-content/uploads/2022/07/tapa-and-egg-fried-rice-recipe_-750x750.jpg,"['▢ 1 lb. horse meat sliced into thin pieces.', '▢ 1 head  garlic crushed', '▢ ½ cup soy sauce', '▢ ¼ teaspoon ground black pepper', '▢ 1 teaspoon salt', '▢ 2 teaspoons sugar', '▢ ¾ cups water', '▢ 1 ½ cups lemon lime soda', '▢ 4 tablespoons cooking oil', '▢ 4 cups leftover rice', '▢ 3 eggs beaten', '▢ 1 onion minced', '▢ ¼ cup green onion chopped', '▢ 1 red bell pepper minced', '▢ 3 tablespoons soy sauce', '▢ 2 teaspoons sesame oil', '▢ 1 teaspoon salt optional']","['Start making the tapa by combining garlic, soy sauce, salt, and ground black pepper in a bowl. Stir. Add the meat and mix well. Cover the bowl and refrigerate for at least 3 hours.', 'Slice the meat into thinner and smaller pieces as needed. Arrange it in a pan and pour-in water and cooking oil. Let boil.', 'Add the lemon lime soda. Continue cooking uncovered until the liquid completely evaporates.', 'Fry the tapa in remaining oil for 2 minutes. Remove from the pan and set aside.', 'Make the egg fried rice by frying the eggs in the remaining oil.', 'Once completely cooked, cut the eggs into smaller pieces using your spatula.', 'Add onion, half of the green onions, and bell pepper. Cook for 2 minutes while continuously stirring.', 'Put the leftover rice into the pan and then toss until all the ingredients are well distributed.', 'Add soy sauce and sesame oil. Continue to stir fry for 3 to 5 minutes. Note: You may add salt if needed.', 'Top with remaining green onions. Transfer to a serving plate and serve with the fried tapa. Share and enjoy!']"
Arroz Caldo Recipe,https://panlasangpinoy.com/wp-content/uploads/2019/03/arroz-caldo-jpg-728x750.webp,"['▢ 1 ½ lbs chicken cut into serving pieces', '▢ 1 ½ cups rice uncooked', '▢ 34 ounces water about 1 liter', '▢ 2 Tablespoons fish sauce', '▢ 1 teaspoon garlic', '▢ 1/4 teaspoon ground black pepper', '▢ 1 cup onion minced', '▢ 4 eggs hard boiled', '▢ 1 cup scallions green onions, minced', '▢ 2 knobs ginger julienned', '▢ 3 tbsp safflower kasubha', '▢ 1 chicken cube bouillon', '▢ 1 lemon or 4 pieces calamansi', '▢ 2 Tablespoon cooking oil']","['In a pot, heat the cooking oil then saute the garlic, onion, and ginger', 'Dash-in some ground black pepper', 'Add the chicken cube and cook until the cube melts', 'Put-in the chicken and cook until outer layer color turns golden brown', 'Add the fish sauce and uncooked rice then mix and cook for a few minutes', 'Pour-in the water and bring to a boil', 'Stir occasionally and simmer until the rice is fully cooked (about 30 to 40 minutes)', 'Put-in the hard boiled eggs', 'Add the safflower for additional color and aroma', 'Serve hot with garlic, minced scallions, and lemon. Share and Enjoy!']"
Tortilla Espanola Recipe (Spanish Potato Omelet),https://panlasangpinoy.com/wp-content/uploads/2010/08/Tortilla-Espanola-1-jpg-750x750.webp,"['▢ 5 pieces potato peeled and sliced', '▢ 1 piece yellow onion diced', '▢ 6 pieces eggs', '▢ 2 cups olive oil', '▢ 1 1/2 teaspoon salt']","['Mix potatoes and onion in a large bowl.', 'Add 1 tablespoon salt then mix thoroughly until well distributed. Set aside.', 'Heat a cooking pot and pour-in olive oil.', 'When the oil is hot enough, fry the potatoes and onion using medium heat. This should take between 7 to 10 minutes. Do not brown the potatoes.', 'Remove the potatoes from the cooking pot, turn off heat, and then drain excess oil. Let the fried potatoes cool for a few minutes.', 'Combine the remaining salt with the eggs then beat.', 'Add the cooked potato in the beaten egg mixture then stir to distribute.', 'Heat an 8 to 10 inches non-stick pan and pour-in about 2 to 3 tablespoons of olive oil. You may utilize the olive oil used to fry the potatoes.', 'When the oil is hot enough, pour-in the eggs and potato mixture. Cook for about 5 to 7 minutes in low to medium heat. Cooking time may vary, it is recommended to manually check the omelet to prevent burns.', 'Flip the omelet by placing a wide plate on top of the pan and turn the pan over in a way that the plate catches the omelet.', 'Place the pan back on the stove and gently push the omelet from the plate to the pan. Cook until the other side is done.']"
How to Cook Longsilog,https://panlasangpinoy.com/wp-content/uploads/2021/06/longsilog-jpg.webp,"['▢ 1/2 lb. skinless longanisa', '▢ 2 pieces eggs', '▢ 4 cups rice leftover', '▢ 5 cloves garlic crushed', '▢ 1/2 cup water', '▢ 4 tablespoons cooking oil', '▢ Salt and ground black pepper to taste']","['Heat 2 tablespoons of oil in a pan. Once the oil gets hot, fry the eggs. Remove from the pan. Set aside.', 'Add remaining oil in the pan. Fry the longanisa until the outer part turns light brown (around 1 1/2 minutes).', 'Pour-in water. Let boil. Continue boiling until the water evaporates.  Fry the longanisa in remaining oil until fully cooked. Remove from the pan and set aside.', 'Using the remaining oil, cook garlic until it starts to turn light brown.', 'Add rice. Stir-fry for 3 minutes. Season with salt and ground black pepper.', 'Assemble the fried eggs, longanisa, and sinangag on a plate. Serve with spicy vinegar as a dipping sauce for the longanisa.', 'Share and enjoy!']"
Banana Fritter Recipe (Maruya),https://panlasangpinoy.com/wp-content/uploads/2012/12/maruya-banana-fritter.jpg,"['▢ 6 pieces banana saba or plantain variety, ripe (mashed)', '▢ 1 cup all-purpose flour', '▢ 1 1/2 teaspoon vanilla extract', '▢ 1 piece egg beaten', '▢ 1 teaspoon baking powder', '▢ 3/4 cup granulated white sugar', '▢ 1 cup fresh milk', '▢ 3/4 cups cooking oil', '▢ 1/2 teaspoon salt']","['In a large bowl, combine flour, baking powder, salt, and 1/2 cup sugar. Mix well.', 'Gradually add the mashed bananas while mixing.', 'Add the egg, vanilla extract, and milk. Mix to incorporate all the ingredients.', 'Heat half of the oil in a pan.', 'When the oil becomes hot, scoop about 1/2 cup of the mixture and then pour in the pan (add the remaining oil in the next batches).', 'Fry both sides until the color turns golden brown.', 'Sprinkle the remaining sugar on both sides.', 'Serve. Share and enjoy!']"
Corned Beef Omelet,https://panlasangpinoy.com/wp-content/uploads/2014/12/tortang-corned-beef-omelet.jpg,"['▢ 12 ounces corned beef', '▢ 3 pieces eggs', '▢ 1 piece onion', '▢ 4  cloves garlic', '▢ 3/4  cup green onion chopped', '▢ 3 tablespoons Cooking oil', '▢ Salt and ground black pepper to taste']","['Prepare the corned beef by sautéing. Heat oil in a pan and then saute garlic and onion. Add corned beef. Continue to saute for 3 to 5 minutes. Remove from the pan and let it cool down.', 'Crack the eggs and place in a large mixing bowl. Add the salt and pepper.. Beat until all the ingredients are well incorporated.', 'Add sautéed Corned beef and green onions. Stir to mix the ingredients. Note: Make sure that the corned beef has cooled down before you execute this step.', 'Heat a frying pan. Add 1 tablespoon cooking oil or use a cooking oil spray and spray oil on the pan.', 'Scoop around ½ to ¾ cups of the corned beef and egg mixture and pour in the pan. Cook for 3 minutes on medium heat.', 'Use a spatula to flip the omelet and cook the other side for 2 to 3 minutes.', 'Transfer to a serving plate. Serve.', 'Share and enjoy!']"
Chicken Adobo Fried Rice and Tortang Corned Beef,https://panlasangpinoy.com/wp-content/uploads/2019/08/Chicken-Adobo-Fried-Rice-and-Tortang-Corned-Beef-Recipe.jpg,"['▢ 1  cup chicken adobo shredded and chopped', '▢ 4 cups leftover rice', '▢ 1/2  teaspoon salt', '▢ 4 cloves garlic crushed', '▢ 3 tablespoons cooking oil', '▢ 1 1/2 cups corned beef sauteed', '▢ 1 piece egg', '▢ 1/8 teaspoon  ground black pepper', '▢ 4  tablespoons  cooking oil']","['Prepare the omelette by combining corned beef, egg, and ground black pepper in a bowl. Mix well.', 'Heat 4 tablespoons of cooking oil in a pan. Scoop a quarter portion of the corned beef mixture and fry. Gently flatten the mixture in the pan and continue to fry in medium heat for 1 to 2 minutes. Flip the corned beef omelette and fry the opposite side until done. Remove from the pan and place in a clean plate. Perform the same steps until the mixture is completely consumed.', 'Prepare the rice by combining rice and salt. Gently mix while trying to separate the rice with each other.', 'Heat 3 tablespoons oil in a pan. Add crushed garlic. Continue to cook in medium heat until garlic turns light brown in color.', 'Add chopped chicken adobo. Stir-fry for 1 minute.', 'Add rice. Toss and stir-fry for 3 to 5 minutes.', 'Transfer the chicken adobo fried rice in a plate and then top with tortang corned beef. Serve with your favorite condiment.', 'Share and enjoy!']"
Tapsilog Recipe,https://panlasangpinoy.com/wp-content/uploads/2014/12/Tapsilog-1.jpg,"['▢ 1 lb. beef sirloin sliced thinly', '▢ 3 pieces eggs', '▢ 6 tablespoons cooking oil', '▢ 3 tablespoons Knorr Liquid Seasoning', '▢ 6 cloves crushed garlic', '▢ ¾ cups pineapple juice', '▢ 2 tablespoons brown sugar', '▢ ¼ teaspoon ground white pepper', '▢ 5 cups leftover rice', '▢ 1 teaspoon salt', '▢ 5 cloves garlic crushed']","['Prepare the tapa by placing the beef in a large bowl. Combine with all the tapa marinade ingredients. Mix well and cover the bowl. Place inside the fridge and marinate overnight.', 'Cook the garlic fried rice (sinangag na kanin) by heating 3 tablespoons cooking oil in a pan. Add crushed garlic. Cook until garlic turns light brown. Add the leftover rice. Stir-fry for 3 minutes.', 'Season with salt. Continue to stir-fry for 3 to 5 minutes. Set aside.', 'Start to cook the tapa. Heat a pan and pour the marinated beef into it, including the marinade. Add ¾ cups water. Let the mixture boil. Cover the pan and continue to cook until the liquid reduces to half. Add 3 tablespoons cooking oil into the mixture. Continue to cook until the liquid completely evaporates. Fry the beef tapa in remaining oil until medium brown. Set aside.', 'Fry the egg by pouring 1 tablespoon oil on a pan. Crack a piece of egg and sprinkle enough salt on top. Cook for 30 seconds. Pour 2 tablespoons water on the side of the pan. Cover and let the water boil. Continue to cook until the egg yolks gets completely cooked by the steam.', 'Arrange the beef tapa, sinangag, and fried egg on a large plate to form Tapsilog. Serve with vinegar as dipping sauce for tapa.']"
Filipino Omelet,https://panlasangpinoy.com/wp-content/uploads/2019/02/Filipino-Omelet-728x750.jpg,"['▢ 3 pieces large eggs', '▢ 2 piece tomatoes diced', '▢ 1 piece red onion diced', '▢ 1/4 teaspoon ground black pepper', '▢ 1/4 teaspoon sea salt', '▢ 2 tablespoons cooking oil']","['Crack the eggs and then place in a medium bowl. Add the salt and pepper and then beat using a wire whisk or fork. Set aside.', 'Heat the cooking oil in a pan.', 'Saute the onion and tomatoes for 2 minutes.', 'Pour-in the beaten egg mixture. Spread the mixture by tilting the pan sideways. Continue to cook in medium heat for 3 to 4 minutes.', 'Flip the omelet with the aid of a wide spatula and then cook the other side for 3 minutes. Note: If you are having a hard time flipping the omelet, try to first place the egg on a wide plate (the cooked side should be facing down). Quickly flip the plate on top of the pan so that the omelet will slide to the pan with the uncooked side facing down.', 'Turn off the heat and then transfer the omelet to a serving plate. Enjoy with pandesal or garlic rice. Serve with banana ketchup.', 'Share and enjoy!']"
Skinless Longganisa Recipe,https://panlasangpinoy.com/wp-content/uploads/2018/10/Skiness-Longganisa-Recipe-728x750.jpg,"['▢ 1 ¾ lbs. ground pork', '▢ 9 tablespoons dark brown sugar', '▢ 1 tablespoon smoked paprika', '▢ 3 tablespoons vegetable oil', '▢ 1 ¼ tablespoons coarse salt', '▢ 1 teaspoon ground black pepper', '▢ 2 head garlic']","['Peel the skin off the garlic cloves. Crush thoroughly using mortar and pestle. Mince the crushed garlic. Set aside.', 'In a large mixing bowl, combine ground pork along with all of the ingredients. Mix well.', 'Cover the bowl. Refrigerate for 2 hours.', 'Shape the longganisa by laying a sheet of wax paper on a flat surface. Scoop around 3 tablespoons of mixture and put over the wax paper. Fold the wax paper from top to down until the mixture covered. Hold the edge of the paper with your fingers and then slide the card towards the mixture. Push a bit more until a sausage shape is formed. Do this step until the entire mixture is consumed.', 'Cook the longganisa by combining 1 cup water and 4 tablespoons of cooking oil in a pan.', 'Add the longganisa and then turn the heat on. Let the liquid boil, and then adjust to the lowest heat setting. Continue boiling until the water completely evaporates.', 'Fry both sides of the longganisa in the remaining oil until it turns brown.', 'Remove from the pan and arrange on a serving plate. Serve with rice. Share and enjoy!']"
Tortang Tuna with Spinach – Omelet Recipe,https://panlasangpinoy.com/wp-content/uploads/2018/08/Tortang-Tuna-with-Spinach.jpg,"['▢ 5 eggs', '▢ 1 5 ounce can chunk tuna in water, drained', '▢ 1 ½ cup fresh baby spinach', '▢ 1 medium yellow onion chopped', '▢ 5 tablespoons cooking oil', '▢ Salt and ground black pepper to taste']","['Heat 3 tablespoons of cooking oil in a pan', 'Saute onion until soft', 'Add tuna. Continue to cook for 2 minutes.', 'Put the spinach into the pan. Cook for 1 minute.', 'Season with salt and ground black pepper. Remove from the pan and let it cool down.', 'Crack the eggs and place in a large mixing bowl. Beat until yellow and white parts are well blended.', 'Add the sautéed tuna and spinach to beaten eggs. Make sure that the temperature cools first. Mix well.', 'Heat remaining oil in an omelet pan or small frying pan', 'Pour the egg and tuna mixture. Gently push the cooked portion of the omelet towards the center to be able to heat the uncooked mixture. Continue to cook between low to medium heat for 2 minutes or until completely cooked. Turn over the omelet to cook the opposite side.', 'Transfer to a serving plate. Serve.', 'Share and enjoy!']"
Breakfast T-Bone Steak with Fried Eggs Recipe,https://panlasangpinoy.com/wp-content/uploads/2018/07/breakfast-t-bone-steak-with-eggs-recipe.jpg,"['▢ 1 12 oz. T-bone steak', '▢ 1 teaspoon salt', '▢ 1/8 teaspoon ground black pepper optional', '▢ 5 tablespoons butter', '▢ 2 tablespoons olive oil', '▢ 3 cloves garlic', '▢ 2 fried eggs']","['Rub salt all over the steak. Let it stay for 15 minutes.', 'Melt butter in a pan. Add olive oil.', 'Gently pound the garlic until it cracks and then put it into the pan. Do not remove the skin. Note: this will give the steak a garlicky taste.', 'Put the T-bone steak into the pan. Cook for 4 to 5 minutes between low to medium heat.', 'Turn the steak over to cook the opposite side. Continue to cook for 3 minutes. You can also scoop some butter using a spoon and pour it on top of the steak while frying.', 'Arrange on a serving plate. Season with ground black pepper', 'Serve with fried eggs. Share and enjoy!']"
Home Fries Recipe,https://panlasangpinoy.com/wp-content/uploads/2018/02/Home-Fries.jpg,"['▢ 2 medium baking potato cleaned and sliced into cubes', '▢ 1 small red bell pepper', '▢ 1 small green bell pepper', '▢ 1 medium yellow onion', '▢ 4 tablespoons cooking oil', '▢ 1/2 teaspoon garlic powder', '▢ 1/4 teaspoon ground black pepper', '▢ 1/2 teaspoon salt']","['Heat oil in a pan. Add the potato. Saute for 3 to 5 minutes.', 'Add onion. Saute the onion until soft.', 'Add bell peppers. Cook for 2 minutes,', 'Add salt, pepper, and garlic powder. Stir Cook for 2 minutes.', 'Transfer to a serving plate. Serve for breakfast as a side dish.', 'Share and enjoy!']"
Eggplant Omelette,https://panlasangpinoy.com/wp-content/uploads/2018/01/How-to-Cook-Eggplant-Omelette.jpg,"['▢ 3 pieces eggs', '▢ 1 medium eggplant', '▢ 1/4 teaspoon garlic powder', '▢ 1/4 teaspoon salt', '▢ A dash of ground black pepper', '▢ 4 tablespoons olive oil']","['Beat the eggs in a large bowl. Add salt, ground black pepper, and garlic powder. Continue to beat until all ingredients are well blended. Set aside.', 'Use a fork to create tiny holes all over the eggplant. Cook the eggplant by either baking it in the oven at 400F for 20 to 25 minutes, or exposing it in fire over a stove top until the skin gets burnt and turns black.', 'Let the eggplant cool down. Peel the skin then cut the stalk off. Arrange the eggplant flat in a plate. Gently mash using a fork.', 'Transfer the mashed eggplant to the bowl with beaten egg. Beat until the eggplant is well incorporated with all the ingredients.', 'Meanwhile, heat olive oil in a pan. Once the oil gets hot, pour the mixture into the pan. Continue to cook in low to medium heat for 3 to 5 minutes.', 'Flip the eggplant omellette using a plate. Do this by lifting the pan and tilt it towards the plate until the content slides into the plate (you can also use a spatula). Make sure that the cooked part is facing down. Now, hold the plate with one hand and the pan with the other. Cover the plate with pan and then quickly flip it over in a way that the top part of the omellete (which is still uncooked) touches the base of the pan. Continue to cook for 3 minutes.', 'Transfer to a serving plate. Serve with your favorite condiment.', 'Share and enjoy!']"
Spinach Tomato and Cheese Omelette,https://panlasangpinoy.com/wp-content/uploads/2018/01/Spinach-Tomato-and-Cheese-Omelette-Recipe.jpg,"['▢ 2 eggs', '▢ 3/4 cups fresh baby spinach', '▢ 1 small ripe roma tomato chopped', '▢ 1/2 cup shredded cheddar cheese', '▢ 1/4 cup salted butter']","['Melt half of the butter in a pan.', 'Once the butter starts to bubble, add tomato. Saute for 1 minute.', 'Put the spinach in the pan. Cook for 30 seconds. Transfer everything in a clean plate.', 'Wipe the pan clean using a paper towel. Heat the pan in a stovetop using low to medium heat. Melt the remaining butter in the pan.', 'Beat the eggs in a bowl. Pour into the pan. Tilt the pan to distribute the beaten eggs equally.', 'Once the eggs starts to form, pour the cooke tomato and spinach over the egg. Top with shredded cheese. Continue to cook until the eggs are done.', 'Fold the omelet halfway to secure the filling. You can top the omelet with more cheese.', 'Transfer to a serving plate. Serve.', 'Share and enjoy!']"
Buttermilk Waffles,https://panlasangpinoy.com/wp-content/uploads/2017/09/Buttermilk-Waffles_.jpg,"['▢ 2 cups all-purpose flour', '▢ 1 pint buttermilk', '▢ 2 eggs', '▢ 1 tablespoon granulated white sugar', '▢ 2 teaspoons baking powder', '▢ 1 teaspoon baking soda', '▢ 1/4 cup butter melted', '▢ 2 teaspoons vanilla extract', '▢ 1/2 teaspoon salt']","['Preheat waffle maker.', 'Combine all dry ingredients in a bowl starting with flour, sugar, baking powder, baking soda, and salt. Mix well using a wire whisk.', 'Add eggs, butter, and vanilla extract. Whisk until texture becomes smooth.', 'Pour batter into the waffle maker. Close and secure and cook for 2 minutes or a little bit more if you want it crisp on the outside.', 'Transfer to a serving plate. Top with whipped butter and syrup.', 'Serve. Share and enjoy!']"
Tocino with Salted Egg and Chopped Tomato,https://panlasangpinoy.com/wp-content/uploads/2017/09/Tocino-with-Salted-Egg-and-Tomato-Recipe.jpg,"['▢ 1 lb. homemade pork tocino', '▢ 1 salted egg', '▢ 1 medium ripe tomato chopped', '▢ 1 cup water', '▢ 3 tablespoons cooking oil']","['Pour water in a pan or cooking pot. Let boil.', 'Add oil and homemade pork tocino in the pot with boiling water. Continue to cook in medium heat until the water completely evaporates.', 'Once the water evaporates, continue to cook by frying the pork on the remaining oil until brown. Turn the pork over to fry the opposite side.', 'Remove the pork tocino from the pan. Arrange in a plate with salted egg and chopped tomato.', 'Serve with rice and spicy vinegar dip.', 'Share and enjoy!']"
Hotsilog (Hotdog Sinangang at Itlog),https://panlasangpinoy.com/wp-content/uploads/2017/07/Hotdog-Sinangag-at-Itlog.jpg,"['▢ 3 pieces red hotdogs', '▢ 2 eggs', '▢ 1 cup garlic fried rice get recipe here', '▢ 1 medium tomato sliced', '▢ 3/4 cup water', '▢ 6 tablespoons cooking oil']","['Pour water in a small cooking pot. Let boil.', 'Add hotdogs and then pour 2 tablespoons cooking oil. Continue to cook until the water evaporates.', 'Once the water is gone, fry the hotdogs in the remaining oil for 1 to 2 minutes while slowly rolling it back and forth to prevent it from getting burnt. Set aside.', 'Prepare the eggs by heating 4 tablespoons of cooking oil in a pan.', 'Once the oil gets hot, crack a piece of egg and start to fry it. As the egg is frying, grab a spoon and scoop the oil from the bottom of the pot. Pour the oil over the egg. Do this until the yolk gets a white covering. Remove the egg and set aside. Do the same step on the other piece of egg.', 'Arrange the garlic fried rice, hotdogs, and fried eggs in a plate. Put the slices of tomato on the side.', 'Serve with ketchup. Share and enjoy!']"
Ham and Hotdog Omelette with Cheese,https://panlasangpinoy.com/wp-content/uploads/2017/07/Ham-and-Hotdog-Omelet-with-Cheese-Recipe.jpg,"['▢ 4 eggs', '▢ 6 ounces ham cubed', '▢ 3 hotdogs cubed', '▢ 1/4 teaspoon salt', '▢ 1/8 teaspoon ground black pepper', '▢ 1/2 cup shredded cheddar cheese', '▢ 4 tablespoons cooking oil']","['Heat 2 tablespoons oil in a pan.', 'Saute cubed ham and hotdogs for 2 minutes. Remove from the pan. Set aside.', 'Crack eggs in a bowl. Add salt and ground black pepper. Beat until the texture is smooth.', 'Add cheese. Continue to beat until well blended.', 'Heat remaining oil in a pan. Pour a quarter of the egg mixture. Top with a quarter of cubed ham and hotdog. Using a wide spatula, turn the egg over to cook the other side. Let it stay for 40 to 80 seconds in medium heat or until the other side is fully cooked. Perform the same steps until all the eggs and meat are consumed.', 'Transfer to a serving plate. Serve.', 'Share and enjoy']"
Special Longanisa Fried Rice Recipe,https://panlasangpinoy.com/wp-content/uploads/2017/02/Longanisa-Fried-Rice.jpg,"['▢ 4 cups cooked rice', '▢ 2 pieces longanisa', '▢ 3/4 cup frozen green peas', '▢ 3/4 cup carrot cubed', '▢ 2 tablespoons butter', '▢ 2 eggs', '▢ 4 tablespoons cooking oil', '▢ Salt and ground black pepper to taste']","['Crack the eggs in a bowl. Beat until smooth.', 'Heat a pan and pour 3 tablespoons cooking oil.', 'When the oil gets hot, pour the beaten egg into the pan. Cook one side until done and then flip to cook the other side. Remove the egg from the pan. Set aside.', 'Add the remaining oil in the same pan. Once the oil heats-up, add the longanisa. Continue to cook for 5 to 7 minutes (or until the meat is fully cooked) in medium heat while stirring once in a while.', 'Add the butter and let it melt.', 'Slide the rice into the pan. Fold until all the ingredients are well blended. Cook for 3 minutes.', 'Press the tip of the spatula towards the egg on the plate to slice it initially. Add the egg into the pan. Continue to stir fry for 1 minute.', 'Put the green peas and carrots in. Cook for 3 to 5 minutes', 'Add salt and pepper to taste. Stir and make sure that all ingredients are well incorporated.', 'Transfer to a serving bowl. Serve.', 'Share and enjoy!']"
Filipino Beef Morcon with Garlic Fried Rice and Eggs,https://panlasangpinoy.com/wp-content/uploads/2016/12/How-to-Cook-Morcon-Silog_-1.jpg,"['▢ 1 lb. leftover classic beef morcon view recipe', '▢ 3 cups garlic fried rice view recipe', '▢ 6 fried eggs cooked the way you want (see ways on how to cook eggs)']","['Prepare your meal by slicing the leftover morcon. Note: you may also cook the morcon from scratch using the recipe above if there are no leftovers.', 'Prepare the garlic fried rice. The link for the recipe can be found in the ingredient section above. Once the rice is cooked, set it aside.', 'Fry the eggs based on how you want it. Sunny-side-up is a good way to cook it.', 'Arrange a cup of garlic fried rice in the middle of a plate. Add 2 pieces of fried eggs on the side and arrange the beef morcon on the other side.', 'Serve hot for breakfast. Share and enjoy!']"
Champorado with Tuyo – Chocolate Porridge with Salted Dried Fish,https://panlasangpinoy.com/wp-content/uploads/2016/12/Champorado-with-Tuyo-Recipe-Panlasang-Pinoy-1.jpg,"['▢ 1 cup glutinous rice', '▢ 4 to 5 cups water', '▢ ½ cup sugar', '▢ 4 pieces pure cocoa tablea', '▢ A pinch of salt', '▢ 6 to 12 pieces fried salted dried fish tuyo']","['Pour 4 cups water in a pot. Let boil.', 'Add the sugar and tablea. Stir and continue to boil until the cocoa tablea dilutes.', 'Add a pinch of salt and gently pour the glutinous rice in the pot. Stir and let the liquid re-boil.', 'Continue to cook in low heat until the rice gets soft (the consistency should be similar to a porridge). Make sure to stir the mixture every 2 to 3 minutes to prevent the rice from sticking on the pot. Add the extra cup cup of water (or more) if needed.', 'Scoop some cooked champorado using a ladle and pour in a bowl. Serve with crispy fried tuyo fish and evaporated milk.', 'Share and enjoy!']"
Corned Beef Silog,https://panlasangpinoy.com/wp-content/uploads/2016/09/Breakfast-Corned-Beef-Silog_.jpg,"['▢ 1 12 oz. can corned beef', '▢ 1 medium yellow onion', '▢ 3 cloves garlic crushed', '▢ 3 cups sinangag', '▢ 3 eggs', '▢ 4 tablespoons cooking oil', '▢ ½ cup beef broth', '▢ Salt and pepper to taste']","['Heat oil on a pan. Once the oil gets hot, crack an egg and fry sunny-side-up. Remove the fried egg and place in a plate. Do this step until all 3 eggs are cooked.', 'Using the remaining oil, sauté the garlic until it turns medium brown. Add the onion and sauté until it softens.', 'Add the corned beef. Sauté for 2 minutes', 'Pour the beef broth in the pan. Continue to cook for 2 to 3 minutes or until the liquid evaporate. Add salt and pepper to taste.', 'Arrange a cup of sinangag (garlic fried rice) and a piece of egg on a plate. Put 1/3 of the cooked corned beef. Do this step on all 3 plates. Serve.', 'Share and enjoy!']"
Danggit Silog,https://panlasangpinoy.com/wp-content/uploads/2016/09/Danggit-Sinangag-at-Itlog.jpg,"['▢ 12 pieces dried danggit', '▢ ½ cup cooking oil', '▢ 3 cups garlic fried rice', '▢ 3 pieces eggs']","['Heat a medium sized frying pan and then pour the oil in.', 'Once the oil starts to get hot, crack one egg open and then gently drop it on the pan to fry in medium heat. Tilt the pan on one side until most of the oil settles and then slowly push the oil towards the egg to coat the top part. Do this multiple times until the yellow part of the egg gets cooked. You will know when you are done if it turns out yellowish-white just like in the picture above. Do this step on the remaining eggs. Once done, set the fried eggs aside.', 'Fry the danggit using the remaining oil. Make sure that the oil is hot before starting. Fry one side in medium heat until crispy and then turn the fish over to cook the other side. Transfer to a plate lined with paper towel. Note: frying danggit should be quick.', 'Arrange a cup of garlic fried rice, a piece of fried egg, and 4 pieces of danggit in a plate. This makes an individual serving. Serve with spicy vinegar.', 'Share and enjoy!']"
"Scrambled Eggs with Tomato, Onion, and Spinach",https://panlasangpinoy.com/wp-content/uploads/2016/05/Breakfast-Scrambled-Eggs-with-Tomato-Onion-and-Spinach.jpg,"['▢ 4 eggs', '▢ 1 medium plum tomato cubed', '▢ 1 medium yellow onion sliced', '▢ 1 cup baby spinach', '▢ a pinch of salt', '▢ a pinch of ground black pepper', '▢ 2 tablespoons cooking oil', '▢ 2 tablespoons butter']","['Crack the eggs in a bowl. Add salt and pepper. Beat until smooth. Set aside.', 'Heat the cooking oil and butter in a pan. Make sure that the entire area of the pan is coated with oil and butter.', 'Add the tomato and onion. Cook for 2 to 3 minutes in medium heat or until the onion gets soft.', 'Add the spinach and then stir fry for 30 seconds.', 'Pour-in the beaten egg. Cook one side until it starts to set. Gently scrape the the eggs from one end of the pan going towards the center using either a spatula or wooden spoon. Repeat the process until soft curds form.', 'Transfer to a serving plate. Serve with toast.', 'Share and enjoy!']"
"Fried Daing na Bangus with Garlic Fried Rice, Fried Egg, and Pickled Papaya (Daing Silog)",https://panlasangpinoy.com/wp-content/uploads/2016/05/Daing-Silog-Recipe.jpg,"['▢ 3 medium daing na bangus fried', '▢ 3 eggs', '▢ 5 cups garlic fried rice', '▢ 3/4 cups papaya atchara optional', '▢ 3 1/2 tablespoons cooking oil', '▢ 2 tablespoons chopped scallions']","['Prepare daing na bangus according to the instructions on the recipe link above. Set aside.', 'Prepare sinangag (garlic fried rice). See link above for the recipe. Set Aside', 'Heat oil in a pan. Once the oil gets hot, fry the eggs. You can make it sunny side-up, over easy, or basted. Get more details here', 'Arrange the fried daing na bangus, sinangag, and fried egg on individual plates. Serve with papaya atchara and spicy vinegar. Sprinkle some chopped scallions on top.', 'Share and enjoy']"
Grilled Filipino Sweet Sausage,https://panlasangpinoy.com/wp-content/uploads/2016/05/Grilled-Filipino-Sweet-Sausage.jpg,"['▢ 2 lbs. Pampanga longganisa Filipino sweet sausage', '▢ 3 cups water', '▢ 1 cup spicy vinegar']","['Pour water in a medium cooking pot. Let boil.', 'Add the longganisa (Filipino sweet sausages). Cover and boil for 20 minutes or until the water evaporates.', 'Heat-up the grill. Grill the sausages for 15 minutes while turning it every 3 minutes until all the sides are cooked completely.', 'Remove from the grill. Serve for breakfast with fried eggs and spicy vinegar.', 'Share and enjoy!']"
Ground Beef Omelet,https://panlasangpinoy.com/wp-content/uploads/2016/03/Giniling-na-baka-omelet-750x750.jpg,"['▢ 4 eggs', '▢ 1/2 lb. ground beef', '▢ 1  yellow onion chopped', '▢ 1  green bell pepper chopped', '▢ 2 tablespoons Worcestershire sauce', '▢ 6 tablespoons cooking oil', '▢ salt and pepper to taste']","['Prepare the ground beef filing by heating 3 tablespoons of cooking oil in a pan.6 tablespoons cooking oil', 'Add the onion. Cook until soft.1  yellow onion', 'Add the chopped bell pepper and ground beef. Brown the beef (cook around 3 to 5 minutes).1  green bell pepper, 1/2 lb. ground beef', 'Sprinkle some salt and pepper (adjust the amount to your preference) and pour-in the Worcestershire sauce. Stir and cook for 4 to 5 minutes. Remove from the pan and set aside.salt and pepper to taste, 2 tablespoons Worcestershire sauce', 'Start to make the omelet by cracking the eggs in a bowl. Sprinkle a bit of salt. Whisk the eggs until the texture is smooth.4 eggs', 'Heat the remaining oil in a pan.', 'Once the oil starts to heat-up, slowly pour 1/3 of the beaten egg on the pan. Let it cook in low to medium heat until the egg starts to form.4 eggs', 'Turn the egg over using a spatula. Scoop 1/3 of the cooked ground beef over one side of the egg. When the other side of the egg forms and starts to solidify, fold the other half to cover the side with ground meat.', 'Remove the omelet from the pan and transfer to a serving plate. Perform the same steps until all the ingredients are consumed.', 'Serve with rice or bread. Share and enjoy!']"
Beef Teriyaki Tapa with Fried Rice and Egg,https://panlasangpinoy.com/wp-content/uploads/2016/02/beef-teriyaki-tapa-with-fried-rice-and-egg-recipe.jpg,"['▢ 1 lb. thinly sliced beef steak', '▢ 1 serving teriyaki sauce', '▢ 2 cups garlic fried rice', '▢ 2 eggs', '▢ 3 tablespoons cooking oil']","['Arrange the sliced beef in a medium bowl. Pour the teriyaki sauce in the bowl and then mix. Cover and refrigerate for at least 1 hour.', 'Heat the cooking oil in a pan. Once the oil gets hot, put the beef in the pan including the marinade. Stir fry for 5 to 10 minutes or until the sauce completely evaporates.', 'Cook the egg depending on your preference. See this post about ways on how to cook eggs.', 'Arrange a cup of garlic fried rice in a plate along with the egg. Put half of the beef teriyaki tapa on the plate and then serve.', 'Share and enjoy!']"
Daing na Bangus Recipe,https://panlasangpinoy.com/wp-content/uploads/2016/02/daing-na-bangus-recipe-2.jpg,"['▢ 1 medium sized milkfish cleaned and scales removed', '▢ 10 tablespoons white or cane vinegar', '▢ 1 teaspoon crushed peppercorn', '▢ 1 head garlic crushed', '▢ 1/4 teaspoon cayenne pepper powder optional', '▢ 1/2 teaspoon coarse sea salt', '▢ 1/2 cup cooking oil']","['Combine vinegar, pepper, salt, garlic, and cayenne pepper powder in a bowl. Stir to mix the ingredients. Set aside.', 'Butterfly the bangus (slice from the top) and the place it inside a large re-sealable plastic bag.', 'Pour the vinegar mixture in the bag and then let all the air out. Seal the bag and refrigerate overnight.', 'Remove the fish from the bag and let the liquid drip.', 'Heat the cooking oil in a pan. Once the oil gets hot, fry the fish in medium heat until one side gets crisp. Turn it over and repeat the process on the other side.', 'Remove from the pan and place in a serving plate. Serve with bowl of spicy vinegar.', 'Share and enjoy!']"
Loaded Breakfast Potato,https://panlasangpinoy.com/wp-content/uploads/2015/11/Loaded-Breakfast-Potato-2-640x750.jpg,"['▢ 4 baking potatoes', '▢ 3 tablespoons butter', '▢ 1 medium sweet onion chopped', '▢ 1 small red bell pepper cubed', '▢ 1 cup chopped white mushrooms', '▢ 1 cup sour cream', '▢ 1 cup shredded sharp cheddar cheese', '▢ 4 eggs beaten', '▢ 1/4 cup sliced green onions', '▢ 6 bacon strips crumbled', '▢ Salt and pepper to taste.']","['Wash the potato in running water and make sure to scrub the surface thoroughly. Punch some holes around the potato using a fork. Place it in a plate and then microwave for 15 minutes.', 'Let the potato cool down. Slice a portion of the top part then scape the potato from the sliced portion. Make the potato as hollow as possible. Set aside.', 'Melt butter in a pan.', 'Saute the onion, mushrooms, and bell pepper until the onion and mushroom becomes soft. Add a pinch of salt and ground black pepper.', 'Push the sautéed vegetables on the side and then pour-in the beaten egg. Continue to cook the while gently stirring similar to the way you cook scrambled eggs. When the eggs gets half cooked, blend with the vegetables. Make sure that the eggs and veggies are well blended.', 'Add the shredded cheese and stir-in 1/4 cup of sour cream. Turn the heat off and then continue to stir the sour cream and cheese o mix with the rest of the ingredients.', 'Preheat oven to 350F. Fill the cavity of the potato with the cooked egg mixture and add more mixture on top. Bake for 11 to 14 minutes.', 'Remove from the oven and let cool. Top with crumbled bacon,remaining sour cream, and green onion.', 'Transfer to a serving plate.Serve.', 'Share and enjoy!']"
Breakfast Sausage Hash,https://panlasangpinoy.com/wp-content/uploads/2015/10/Breakfast-Sausage-Hash-Recipe.jpg,"['▢ 1 package 1 lb. frozen shredded potatoes, thawed', '▢ 6 pieces sausage links', '▢ 3 tablespoons butter', '▢ 1 tablespoon canola oil', '▢ 10 oz. salsa con queso use your favorite brand', '▢ 1 cup shredded cheddar cheese', '▢ 1 tablespoon hot sauce Cayenne pepper sauce', '▢ 3 tablespoons chopped green onions', '▢ 1 1/2 cups beef broth', '▢ 1/2 teaspoon salt', '▢ 1/2 teaspoon onion powder']","['Heat a pan, pour-in the beef broth, bring to a boil. Add the sausage links and butter. Parboil the sausage links until the beef broth evaporates.', 'Once the broth completely evaporates, continue to fry the sausage links using the remaining butter in low to medium heat for 5 minutes.', 'Remove the sausage links from the pan, let it cool down. Slice into thin pieces.', 'Combine the remaining butter and add the canola oil, apply heat. Once the mixture heats-up, put the sliced sausages in. Cook for 1 minute.', 'Add the shredded potatoes. Stir and cook for 5 to 7 minutes.', 'Transfer the cooked potato and sausage in a mixing bowl. Add the salsa con queso, shredded cheese, hot sauce, salt, and onion powder. Fold until the ingredients are well blended.', 'Preheat oven to 400F. Arrange the mixture in a baking plate. Top with chopped green onions Bake for 35 minutes.', 'Remove from the oven. Serve for breakfast.', 'Share and enjoy!']"
Hashbrown Casserole,https://panlasangpinoy.com/wp-content/uploads/2015/10/Hash-Brown-Casserole-Recipe.jpg,"['▢ 1 lb. package shredded hashbrown potato', '▢ 5 oz. half a can cream of chicken', '▢ 1 cup shredded sharp cheddar cheese', '▢ 1/4 cup melted butter', '▢ 1 tablespoon cooking oil', '▢ 1 1/2 cup sour cream', '▢ 1 medium yellow onion chopped', '▢ 1/2 teaspoon salt', '▢ A dash of ground black pepper']","['Preheat oven to 350F.', 'Heat the cooking oil in a pan. Once the oil gets hot, add the onion. Continue to cook the onion in medium heat while stirring until caramelized.', 'Meanwhile, combine shredded hash brown, cream of chicken, butter, cheese, salt, and pepper.', '', 'Add sour cream and caramelized onion.', 'Mix well then arrange in a baking pan.', 'Bake for 35 minutes.', 'Remove from the oven and it cool down. Serve. Share and enjoy!']"
Huevos Rancheros,https://panlasangpinoy.com/wp-content/uploads/2015/10/Huevos-Rancheros-Recipe-2.jpg,"['▢ 1 can 14.5 oz. fire roasted tomato', '▢ 1/4 cup Chipotle Pepper in Adobo Sauce chopped', '▢ 1/4 cup Cilantro', '▢ 6 small flour tortillas', '▢ 1 medium Spanish onion diced', '▢ 3 eggs', '▢ 1 banana pepper chopped', '▢ Salt and pepper to taste', '▢ 3 tablespoons cooking oil']","['Prepare the salsa by heating 2 tablespoons of cooking oil in a pan. Saute the onion until it becomes soft. Add the diced tomatoes, add the chipotle pepper, and banana pepper. Cook for 3 to 5 minutes. Add salt and pepper to taste.', 'Cook the eggs. I prefer either sunny side up or ever easy. Set Aside.', 'Heat a clean frying pan. Once the pan starts to heat-up, lay a corn tortilla flat over the pan and continue to heat up (using medium heat) for 2 minutes per side.', 'Arrange the warm tortillas on a serving plate. Top with fried egg and salsa. Garnish with cilantro.', 'Serve. Share and enjoy!']"
Pork Adobo Paksiw with Jeprox and Shrimp Fried Rice,https://panlasangpinoy.com/wp-content/uploads/2015/05/Yummy-Pork-Paksiw-with-Jeprox-and-Fried-Rice-Breakfast-Meal2.jpg,"['▢ 1 serving of Pork Adobo Paksiw', '▢ 1 serving of crisy fried jeprox', '▢ 3 to 4 cups of shrimp fried rice', '▢ 1/2 cup spicy vinegar', '▢ 4 pieces hard boiled eggs']","['Prepare the Pork Adobo Paksiw, crisp fried jeprox, and shrimp fried rice. See the recipe for each dish in the link provided above.', 'In a single serve plate, arrange 1 cup of shrimp fried rice along with some yummy pork adobo paksiw and crispy fried jeprox.', 'Serve with a piece of hard boiled egg.', 'Share and enjoy!']"
Meatball Adobo with Shrimp Fried Rice and Egg,https://panlasangpinoy.com/wp-content/uploads/2015/05/Adobong-Meatball-With-Fried-Rice-and-Egg_-520x750.jpg,"['▢ 1 serving of Meatball adobo see recipe here', '▢ 1 1/2 serving of Shrimp Fried Rice click for the recipe', '▢ 4 to 6 pieces fried eggs you can also cook eggs through these 10 different ways']","['Prepare the adobo meatball and shrimp fried rice according to the recipe provided in the links above.', 'In 4 to 6 individual plates, arrange a portion of the fried rice and adobo meatballs. Top with fried egg. your fried egg does not need to be perfect, unless you really insist.', 'Serve for either breakfast, lunch or dinner. This can also be a good ""baon"" for school or for the office.', 'Share and enjoy!']"
Crispy Spam Steak Recipe,https://panlasangpinoy.com/wp-content/uploads/2015/05/Crispy-Spam-Steak.jpg,"['▢ 1 12 oz. can Spam light', '▢ 2 pieces eggs', '▢ ½ cup cornstarch', '▢ 2 tablespoons all-purpose flour', '▢ ¼ teaspoon garlic powder', '▢ 1/2 cup cooking oil']","['Remove the Spam luncheon meat from the can and slice into serving pieces.', 'Meanwhile, heat the cooking oil in a deep frying pan.', 'Combine the garlic powder and egg. Beat until both ingredients are well incorporated. Set aside.', 'Combine flour and cornstarch. Mix well and set aside.', 'Dip each sliced Spam in the beaten egg then dredge in flour. Do this step twice to make the coat thicker.', 'Fry the Spam coated with flour and cornstarch 3 to 4 slices at a time. The number of slices to cook at a given time will depend on the size of your pan: the wider the pan, the more slices you can cook at the same time. Cook one side in medium heat until the color turns medium brown and the texture becomes crispy. Turn the Spam slice over to cook the other side.', 'Remove the Crispy fried Spam steaks from then pan. Place in a plate lined with paper towel.', 'Serve with ketchup. Share and enjoy!']"
Pork Tapa with Fried Banana and Salted Egg,https://panlasangpinoy.com/wp-content/uploads/2015/04/Pork-Tapa-with-Fried-Banana-Recipe1.jpg,"['▢ 2 lbs. pork shoulder sliced', '▢ 4 pieces saba banana sliced in half lengthwise', '▢ 4 pieces salted eggs', '▢ 3/4 cup white vinegar', '▢ 1/2 teaspoon salt', '▢ 1 teaspoon granulated white sugar', '▢ 1/4 teaspoon ground black pepper', '▢ 4 cloves garlic crushed and minced', '▢ 1/4 cup corn starch', '▢ 1/2 cup cooking oil', '▢ 4 cups cooked white rice']","['Combine vinegar, sugar, salt, and pepper in a large bowl. Stir the mixture to blend completely.', 'Put-in the sliced pork. Make sure that the pork slices gets coated with the vinegar mixture. Marinate for at least 3 hours (the longer the you marinate, the tastier it gets).', 'Remove the pork slices from the marinade. Arrange in a wide plate and let it stay in open air for 1 to 2 hours. You can also soak this under the sun for the same time if desired, but make sure to cover the meat to avoid contamination. I use either cling wrap or a strainer to cover the plate.', 'Heat half of the cooking oil in a pan.', 'Meanwhile, roll the sliced bananas in cornstarch. Make sure that the bananas are coated all over. The cornstarch will give a nice crisp texture to the outer part of the banana when fried.', 'Once the oil gets hot, fry the bananas in medium heat for 1 to 2 minutes per side. Remove the fried banana from the pan and place in a plate lined with paper towels.', 'Add more oil if needed then continue by frying the pork slices until it turns medium brown.', 'Remove the fried pork slices from the pan. Arrange a single serving portion in a plate along with a cup of white rice and salted egg. Put-in the fried banana.', 'Serve with a spicy vinegar dip.', 'Share and enjoy!']"
Scrambled Eggs with Sun Dried Tomato and Bacon,https://panlasangpinoy.com/wp-content/uploads/2015/04/Scrambled-Eggs-with-Sun-Dried-Tomato-and-Bacon-520x750.jpg,"['▢ 5 eggs beaten', '▢ 1/2 cup whole milk', '▢ 4 bacon strips chopped', '▢ 1 small green bell pepper sliced into small cubes', '▢ 1 small yellow onion chopped', '▢ 1/4 cup sliced sun-dried tomato', '▢ 3 tablespoons salted butter', '▢ Salt and pepper optional']","['Combine the milk and beaten eggs in a bowl. Beat using a wire whisk or fork. Set aside (you can add some salt and pepper if desired).', 'Turn on the heat to medium then start to heat the frying pan (non-stick pans are best).', 'Put the butter on the pan and let it melt.', 'One the butter melts and gets hot, add the sliced onion and bacon. Saute until it becomes soft.', 'Put-in the green bell pepper and sun-dried tomato. Cook for 1 minute.', 'Slowly pour-in the beaten egg and milk mixture. As the eggs starts to form, pull the entire mixture across the frying pan. Do this step until small lumps are formed. Do not overcook the eggs.', 'Transfer to a serving plate.', 'Serve. Share and enjoy!']"
Tosilog Recipe,https://panlasangpinoy.com/wp-content/uploads/2014/10/Tocilog-2.jpg,"['▢ 1 lb. uncooked tocino', '▢ 3 cups sinangag', '▢ 3 sunny-side up eggs', '▢ 2 cups water', '▢ 1/4 cup cooking oil']","['Boil the water in a cooking pot.', 'Once the water starts to boil, pour-in the cooking oil and add the uncooked tocino. Boil in medium heat until the water evaporates.', 'Once the water completely evaporate, the oil will be left behind. Let one side of the tocino cook in oil for 3 minutes. Flip the tocino and cook the other side for the same time.', 'Arrange the cooked tocino with the eggs in individual plates.', 'Meanwhile, remove the excess oil in the cooking pot where the tocino was cooked. Heat the same pot and put-in the sinangag. Cook the fried rice for 1 minute while tossing. The residue from the tocino will stick to the fried rice making it more tasty.', 'Arrange the fried rice with the tocino in individual plates.', 'Serve with spiced vinegar.', 'Share and enjoy!']"
How to Cook Bacon,https://panlasangpinoy.com/wp-content/uploads/2014/10/cook-bacon.jpg,N/A,N/A
Sausage and Egg Casserole with Hash Browns Recipe,https://panlasangpinoy.com/wp-content/uploads/2014/07/Sausage-and-Egg-Casserole-with-Hash-Brown.jpg,"['▢ 5 eggs', '▢ 1 cup milk', '▢ 1/2 pound bulk pork sausage', '▢ 1 1/2 cups hash browns', '▢ 1 cup shredded Monterrey jack cheese', '▢ 1/4 teaspoon salt', '▢ 1/8 teaspoon ground black pepper']","['Cook the sausage in a pan until it turns light to medium brown. Drain the liquid and oil. Set aside.', 'Beat the eggs in a mixing bowl.', 'Stir-in the milk, cheese, salt, and pepper. Mix well.', 'Add the cooked sausage and hash browns. Stir to distribute the ingredients evenly.', 'Pour the mixture in a baking dish.', 'Preheat the oven to 350F', 'Bake for 40 to 45 minutes.', 'Serve. Share and enjoy!']"
Ham and Cheese Quiche Recipe,https://panlasangpinoy.com/wp-content/uploads/2014/07/Ham-and-Cheese-Quiche-500x750.jpg,"['▢ 1 Pastry dough see recipe for homemade pastry dough', '▢ 1/2 lb. ham cubed', '▢ 1 cup fresh milk', '▢ 5 eggs beaten', '▢ 1 cup shredded sharp cheddar cheese', '▢ 1/2 teaspoon salt', '▢ 1/4 teaspoon ground black pepper']","['Preheat the oven to 350F.', 'Arrange the pastry dough on a round baking dish.Blind bake for 12 to 15 minutes.', 'Meanwhile, combine the beaten egg, salt, pepper, milk, and cheese. Mix well.', 'Add the cubed ham to the egg mixture and stir.', 'Remove the baking dish from the oven. Pour the entire mixture in the baking dish.', 'Place it back in the oven. Bake for 35 to 40 minutes at 350F.', 'Remove from the oven.', 'Serve. Share and enjoy!']"
Breakfast Daing na Bisugo with Sinangag,https://panlasangpinoy.com/wp-content/uploads/2014/06/Breakfast-Daing-Bisugo-with-Sinangag1-500x750.jpg,"['▢ 3 pieces salted dried bisugo Threadfin bream', '▢ 2 tablespoons cooking oil', '▢ 1 1/2 cup sinangag', '▢ 1/2 cup sinamak or pinakurat spiced vinegar']","['Heat the cooking oil in a frying pan.', 'Once the oil is hot, fry all 3 pieces of daing (salted dried fish) at the same time for 1 minute per side. Make sure to quickly turn the fish over to avoid the first side from being burnt.', 'Once both sides are fried, remove the fish from the pan. Place it in a plate lined with paper towel to absorb the oil.', 'Transfer the fried daing na bisugo in a plate with sinangag.', 'Serve with spiced vinegar.', 'Share and enjoy!']"
Bacon and Cheese Breakfast Casserole Recipe,https://panlasangpinoy.com/wp-content/uploads/2014/07/Bacon-and-Cheese-Breakfast-Casserole.jpg,"['▢ 6 bacon strips', '▢ 6 eggs beaten', '▢ 1 1/4 cup fresh milk', '▢ 3/4 cup chopped green onions', '▢ 1 cup shredded Monterey jack cheese', '▢ 1/2 teaspoon salt', '▢ 1/2 teaspoon ground black pepper']","['Arrange the bacon in a pan. Cook until crisp. Set Aside.', 'In a mixing bowl, combine eggs, milk, salt, pepper, and cheese. Mix well.', 'Crumble the bacon strips and add to the egg mixture along with the green onions. Stir.', 'Preheat oven to 350 Fahrenheit.', 'Pour the mixture into a baking dish. Cover the dish with a greased aluminum foil (greased side down).', 'Bake for 40 minutes or until the eggs are done.', 'Remove from the oven. Serve.', 'Share and enjoy!']"
Tuyo Fish with Rice and Tomato,https://panlasangpinoy.com/wp-content/uploads/2014/07/tuyo-1.jpg,"['▢ 10 pieces tuyo salted dried fish', '▢ 3 cups cooked white rice', '▢ 3 plum tomatoes wedged', '▢ Cooking oil spray', '▢ 1/2 cup spiced vinegar sinamak']","['Preheat oven to 400F.', 'Arrange the tuyo fish in an aluminum foil sheet. Spray both sides of the fish with cooking oil. Secure the fish inside the sheet by covering with another aluminum sheet and secure the sides.', 'Open your vent (this is important). Bake for 6 to 10 minutes.', 'Remove the fish from the sealed sheet and arrange in individual plates with a cup of white rice and wedged tomato.', 'Serve with spiced vinegar.', 'Share and enjoy!']"
Special Goto Recipe,https://panlasangpinoy.com/wp-content/uploads/2014/06/Special-Goto.jpg,"['▢ 1 cup uncooked rice', '▢ 1 lb. ox tripe cleaned', '▢ 1 lb. pig large intestine cleaned', '▢ 4 eggs boiled and shelled', '▢ 5 cups water for cooking', '▢ 6 cups water for boiling', '▢ 2 teaspoons beef powder or 1 beef cube', '▢ 1 teaspoon turmeric powder optional', '▢ 2 tablespoons minced ginger', '▢ 1 medium onion minced', '▢ 5 cloves garlic minced', '▢ 2 teaspoons garlic powder', '▢ 3 tablespoons cooking oil', '▢ 1 head toasted garlic', '▢ 1/4 cup chopped green onion', '▢ 1/2 cup crushed chicharon', '▢ Salt and pepper to taste']","['Boil 6 cups of water in a deep cooking pot.', 'Add the ox tripe, pig intestine, and 1 teaspoon salt. Boil for 2 to 3 hours or until soft. Add water as needed. Remove the tripe and intestine from the pot to cool down and then slice into bite sized pieces. Set aside.', 'Heat the cooking oil in a deep cooking pot.', 'Saute the onion, ginger, and garlic.', 'Once the onion is soft, add the tripe and intestine. Cook for 2 to 3 minutes.', 'Add the beef powder( or cube), turmeric powder, and garlic powder.', 'Pour-in the water. Stir and let boil.', 'Add the rice. Allow the water to boil once more and then adjust the heat between low to medium. Cook for 30 to 45 minutes or until the desired texture is achieved. Add water if needed and stir every 5 minutes or so to prevent the rice from sticking on the pan.', 'Add salt and pepper to taste.', 'Transfer to a serving bowl. Add egg and top with green onions, toasted garlic, and crushed chicharon.', 'Serve. Share and enjoy!']"
Breakfast Reuben Sandwich,https://panlasangpinoy.com/wp-content/uploads/2014/02/Breakfast-Reuben-Sandwich1.jpg,"['▢ 1/2 lb. deli corned beef sliced', '▢ 8 slices soft rye bread', '▢ 8 slices American cheese', '▢ 4 sunny side up fried eggs', '▢ 1/2 Cup Hollandaise sauce', '▢ 1 Cup Sauerkraut']","['Toast the bread slices in a n oven or bread toaster.', 'Spread some Hollandaise sauce over a toasted bread slice.', 'Arrange the American cheese slices on each bread slice over the sauce.', 'Start to put-in the corned beef sliced on top of the cheese and top with Sauerkraut.', 'Add one fried egg on top. You can pour more Hollandaise sauce on top of the egg.', 'Top the egg with another toasted bread slice.', 'Serve. Share and enjoy!']"
Delicious Whole Wheat Pancakes,https://panlasangpinoy.com/wp-content/uploads/2014/02/whole-wheat-pancakes-recipe.jpg,"['▢ 1 1/4 cups whole wheat flour', '▢ 1 1/4 cup buttermilk', '▢ 1 medium egg', '▢ 1 1/4 teaspoon baking powder', '▢ 1/4 teaspoon baking soda', '▢ 1 tablespoon brown sugar', '▢ 1 tablespoon clarified butter', '▢ 1/4 teaspoon salt']","['Preheat pan or griddle', 'Sift the dry ingredients together in a bowl', 'Beat egg in; add brown sugar, buttermilk, and butter', 'Pour into bowl with dry ingredients; stir but not too much', 'Scoop a quarter cup batter onto the pan. Flip when bubbles starts to show-up; cook for 15 to 20 seconds', 'Serve']"
Panlasang Pinoy Omelet,https://panlasangpinoy.com/wp-content/uploads/2014/02/Panlasang-Pinoy-Omelet.jpg,"['▢ 3 large eggs', '▢ 3 stalks scallions onion leaves, sliced', '▢ 1/2 small red bell pepper chopped', '▢ 1 small yellow onion sliced', '▢ 1 small tomato cubed', '▢ 2 tablespoons extra virgin olive oil', '▢ 1/4 cup shredded cheddar cheese', '▢ Salt to taste']","['Crack the eggs and place in a bowl. Add some salt (a pinch to 1/4 teaspoon) and beat until the texture becomes smooth. Set aside.', 'Heat the oil in a pan.', 'Saute the yellow onion and tomato.', 'Once the onion and tomato becomes soft. Add the bell pepper and scallions. Cook for 1 minute.', 'Pour-in the beaten egg. Spread the mixture over the pan. Cook in medium heat for 2 to 3 minutes or until the bottom part forms.', 'Flip the omelet to cook the other side. Note: you can put the omelet on a plate with cooked part facing down. Gently flip and slide the omelet from the plate to the pan. The cooked part should be facing up now.', 'Transfer to a serving plate. Top with shredded sharp cheddar cheese.', 'Serve. Share and enjoy!']"
Yummy Blueberry Pancake Recipe,https://panlasangpinoy.com/wp-content/uploads/2014/11/blueberry-pancake-recipe.jpg,"['▢ 2 cups all purpose flour', '▢ 3/4 cup fresh blueberries', '▢ 6 tbsp granulated white sugar', '▢ 1 1/4 teaspoon baking powder', '▢ 1 cup fresh milk', '▢ 1 large egg', '▢ 1/8 teaspoon salt', '▢ 1 1/4 tbsp canola oil']","['Mix the dry ingredients (flour, salt, sugar, baking powder) in a bowl.', 'Using another clean bowl, whisk in egg, oil, and milk.', 'Add the egg mixture to the dry ingredients. Mix by folding.', 'Fold the blueberries in the mix.', 'Heat and lightly spray some oil on the pan.', 'Scoop 1/4 cup of mixture and pour in the pan. Let it cook until bubbles comes on top. Turn the pancake over and cook for a few seconds.', 'Serve with pancake syrup.']"
Kalamay hati Recipe,https://panlasangpinoy.com/wp-content/uploads/2014/01/Kalamay-hati.jpg,"['▢ 2 1/4 cups glutinous rice flour', '▢ 2 1/4 cups muscovado or brown sugar', '▢ 2 cups coconut milk', '▢ 2 cups coconut cream', '▢ 1/2 cup water', '▢ 1/2 cup latik']","['Prepare a plate or round pan that you will use for the kalamay. Start by placing a clean banana leaf over a round pan. Brush some cooking oil or coconut oil on the banana leaf. Set aside.', 'Combine coconut milk, coconut cream, water, and glutinous rice flour in a deep cooking pot. Mix well until then texture of the mixture becomes soft. Use wire whisk if necessary.', 'Turn the heat on to medium. Gradually stir until the mixture starts to get hot. You will notice that lumps will form, continue to stir until bubbles appear.', 'Set the heat to low-medium. Continue to stir for 15 minutes.', 'Add the sugar. Mix well to incorporate. Continue to mix for the next 30 to 40 minutes or until the mixture becomes really thick and the color turns dark brown.', 'Transfer the thick mixture on the prepared plate or pan. Spread and top with latik.', 'Let it cool for a few minutes. Serve.', 'Share and enjoy!']"
Bacon and Avocado Sandwich,https://panlasangpinoy.com/wp-content/uploads/2013/10/bacon-and-avocado-sandwich-500x750.jpg,"['▢ 3 bacon strips cooked crisp', '▢ 1 leaf curly lettuce', '▢ 2 slices of tomatoes', '▢ Half side of 1 medium avocado sliced', '▢ 1/2 teaspoon Dijon mustard', '▢ 1 1/2 teaspoons mayonnaise', '▢ 2 bread slices']","['Combine the mustard and mayonnaise. Mix well. Set aside.', 'Toast the bread slices in the way that you prefer.', 'Spread the mayonnaise mixture equally on both bread slices.', 'Assemble the sandwich by placing a slice of bread on a flat surface (side with mayo facing up). Top with lettuce leaf, tomato slices, bacon, and avocado slices. You can even add cheese if preferred.', 'Top the avocado with the other slice of bread. The side with mayo spread should be facing down.', 'Serve with your favorite drink.', 'Share and enjoy!']"
Spam and Egg Sandwich,https://panlasangpinoy.com/wp-content/uploads/2013/10/spam-and-egg-sandwich-recipe.jpg,"['▢ 2 slices of Spam Lite', '▢ 2 bread slices or 1 French bread', '▢ 1 egg cooked sunny side-up', '▢ 1 slice American cheese', '▢ 1 teaspoon light mayonnaise', '▢ 1 cup cooked crispy fries', '▢ 1 teaspoon cooking oil']","['Grease a frying pan with cooking oil. Fry the Spam for 2 minutes per side. Set aside.', 'Place the bread slices in a toaster. Toast for 2 minutes.', 'Spread the mayonnaise on one side of each bread slice. Set one bread slice on a plate – side with mayonnaise facing up. Put the American cheese followed by the Spam and egg. Top with the remaining bread slice – side with mayonnaise facing down.', 'Serve with Crispy French fries.', 'Share and enjoy!']"
Simple Tuna Recipe,https://panlasangpinoy.com/wp-content/uploads/2013/05/Sauteed-Tuna.jpg,"['▢ 2 5 oz. cans Tuna, drained', '▢ 1 medium red onion sliced', ""▢ 1/2 cup French's fried onion"", '▢ 1/2 teaspoon dried parsley flakes', '▢ 1 teaspoon lemon juice', '▢ Salt and pepper to taste', '▢ 1 tablespoon cooking oil']","['Heat the oil in a pan.', 'Saute the onion until it becomes soft.', 'Put-in the tuna. Cook for 3 minutes in medium heat.', 'Add the lemon juice, salt, and pepper. Cook for an additional 3 to 5 minutes.', 'Transfer to a serving plate. top with French fried onions and dried parsley flakes.', 'Serve. Share and enjoy!']"
Tuna and Zucchini Omelet,https://panlasangpinoy.com/wp-content/uploads/2013/05/Tuna-and-Zuchini-Omelet.jpg,"['▢ 2 5 oz. cans tuna, drained', '▢ 1 medium zucchini sliced', '▢ 1 medium red onion sliced', '▢ 5 eggs beaten', '▢ 1/4 teaspoon salt', '▢ 1/4 teaspoon ground black pepper', '▢ 2 tablespoons cooking oil']","['Preheat the oven to broil (510F).', 'Combine salt, pepper, and beaten eggs in a bowl. Mix well and then set aside.', 'Heat an oven-safe frying pan or skillet in a stove top. Pour-in the cooking oil.', 'Once the oil becomes hot, saute the onion and zucchini for 2 to 3 minutes.', 'Add the tuna. Cook for 2 minutes.', 'Pour-in the beaten eggs. Gradually stir to distribute the ingredients. Cook in low to medium heat for 4 to 6 minutes.', 'Turn off heat from the stove top and then place the pan inside the oven. Broil for 5 to 7 minutes or until the top part of the omelet is done.', 'Serve for breakfast.', 'Share and enjoy!']"
Buttermilk Cornbread,https://panlasangpinoy.com/wp-content/uploads/2013/04/Buttermilk-Cornbread.jpg,"['▢ 1 cup cornmeal', '▢ 1 1/8 cup buttermilk', '▢ 1 cup AP flour', '▢ 8 tablespoons unsalted butter melted', '▢ 2 eggs', '▢ 1/2 teaspoon baking soda', '▢ 9 tablespoons granulated white sugar', '▢ 1 cup whole kernel corn optional', '▢ 1/2 teaspoon salt']","['Preheat oven to 375F.', 'Combine buttermilk and baking soda. Stir and set aside.', 'Beat the eggs and then add the butter and buttermilk mixture while stirring.', 'Gradually add-in sugar, salt, cornmeal, flour, and whole kernel corn. Continue mixing until all the ingredients are well incorporated.', 'Bake for about 30 to 35 minutes.', 'Let the temperature cool. Slice and serve.', 'Share and enjoy!']"
Mushroom and Spinach Omelet,https://panlasangpinoy.com/wp-content/uploads/2013/05/Mushroom-and-Spinach-Omelet.jpg,"['▢ 2 cups white mushroom sliced', '▢ 3 cups baby spinach cleaned', '▢ 4 eggs', '▢ 4 tablespoons olive oil', '▢ Salt and pepper to taste']","['Heat 1 tablespoon of olive oil in a pan.', 'When the oil is hot, put-in the mushroom. Cook for 2 minutes.', 'Add the spinach. Sprinkle salt and pepper. Stir and then cook for 1 to 2 minutes. Remove from the pan. Set aside.', 'Crack the eggs and place in a bowl. Add salt and pepper. Beat the eggs until the texture becomes soft.', 'Wipe the pan with clean paper towel. Heat it again and then pour-in half of the remaining olive oil.', 'When the oil starts to get hot, pour half of the beaten egg mixture in the pan. Spread the egg so that it will be cooked evenly.', 'When the eggs are cooked halfway, scoop half of the cooked spinach and mushroom and then arrange on one end of the egg.', 'Fold the other end of the egg using a spatula to cover the spinach and mushroom.', 'Gently slide the omelet to a serving plate.', 'Serve. Share and enjoy!']"
Cassava Suman Recipe,https://panlasangpinoy.com/wp-content/uploads/2013/03/Cassava-Suman.jpg,"['▢ 2 lbs. grated cassava', '▢ 1 1/2 cups brown sugar', '▢ 1/2 cup coconut cream or coconut milk', '▢ Banana leaves for wrapping cut into 12 x 6 inch pieces']","['Combine the cassava and brown sugar in a large mixing bowl. Gently fold until the ingredients are well distributed.', 'Add the coconut cream. Stir until all the ingredients are well incorporated.', 'Scoop about 1/2 cup of mixture and arrange on one side of the banana leaf. Mold the mixture so that it appears to be cylindrical in shape, with the length of about 4 to 5 inches.', 'Roll the banana leaf to wrap the mixture. Make sure that the leaf is not loose so that the mixture can use it as a mold. Secure the top and bottom part of the leaf by folding it inward in the same direction.', 'Boil about 5 to 6 cups of water in a steamer.', 'Arrange the wrapped cassava suman on the steamer and then steam for 30 to 35 minutes or until the texture becomes firm.', 'Remove from the steamer and let the temperature cool down.', 'Serve. Share and enjoy!']"
Buttermilk Pancakes,https://panlasangpinoy.com/wp-content/uploads/2013/04/Buttermilk-Pancakes.jpg,"['▢ 2 cups AP flour', '▢ 2 cups buttermilk', '▢ 6 tablespoons fresh milk', '▢ 2 eggs', '▢ 2 tablespoons granulated white sugar', '▢ 1 teaspoon baking soda', '▢ 2 teaspoons baking powder', '▢ 4 tablespoons butter melted', '▢ 1/2 teaspoon salt', '▢ 1/2 cup whipped butter']","['Combine all the dry ingredients in a mixing bowl starting with the flour, salt, baking soda, sugar, and baking powder. Mix well using a wire whisk.', 'On another clean bowl, combine the eggs, buttermilk, milk, and melted butter. Stir.', 'Pour-in the liquid mixture to the bowl with the mixture of dry ingredients. Gently whisk until all the ingredients are incorporated.', 'Heat a pan and then lightly spray some cooking oil.', 'When the pan becomes hot, scoop about half a cup of mixture and then pour-in the pan. Cook for about 1 to 2 minutes. Flip the pancake and then cook the other side for the same time.', 'Transfer to individual plates and then top with a scoop of whipped butter and some pancake syrup.', 'Serve. Share and enjoy!']"
Easy Champorado Recipe,https://panlasangpinoy.com/wp-content/uploads/2013/02/Champorado-Recipe.jpg,"['▢ 5 pieces tablea pure chocolate', '▢ 1 3/4 cups glutinous rice or sushi rice', '▢ 3/4 cup granulated white sugar', '▢ 6 to 8 cups water', '▢ Condensed milk to taste']","['Pour water in a cooking pot. Bring to a boil.', 'Put-in the tablea and then stir. Let it dissolve in boiling water.', 'Add-in the rice. Let the water re-boil. Set the heat to low-medium and then stir almost constantly to avoid sticking. The rice should be ready when it absorbs the water (about 15 to 25 minutes).', 'Add the sugar. Stir until the sugar dissolves.', 'Transfer the champorado in individual serving bowls. Top with condensed milk.', 'Serve with tuyo. Share and enjoy.']"
Vegetable Omelet Recipe,https://panlasangpinoy.com/wp-content/uploads/2013/01/Vegetable-Omelet.jpg,"['▢ 3 large eggs beaten', '▢ 1/4 cup diced red bell pepper', '▢ 1/4 cup diced green bell pepper', '▢ 3/4 cup sliced white mushroom', '▢ 3 tablespoons butter', '▢ Salt to taste']","['Melt butter in Teflon coated (oven safe) frying pan', 'Sauté the bell peppers and mushroom for 1 minute.', 'Add salt and then stir.', 'Pour-in the eggs and then cook in low to medium heat for 3 to 4 minutes.', 'Preheat oven to broil.', 'Turn- off the stove top and then transfer the Oven safe frying pan in the oven. Cook for 2 minutes or until the top part is done', 'Remove the pan from the oven (don’t forget to wear oven gloves). Let the omelet slide from the pan to the serving plate while folding the omelet as it slides halfway down.', 'Serve with bread. Share and enjoy!']"
Tuna Frittata Recipe,https://panlasangpinoy.com/wp-content/uploads/2012/10/Tuna-Frittata.jpg,"['▢ 2 10 oz. cans tuna', '▢ 1/2 cup shredded cheese', '▢ 5 eggs beaten', '▢ 1/2 teaspoon salt', '▢ 1/8 teaspoon pepper', '▢ 3 teaspoons cooking oil']","['Grease a 9"" inch pie dish by pouring-over cooking oil and rubbing it on the surface.', 'Combine eggs, tuna, salt, and pepper. Mix well.', 'Pour-mixture on the pie dish.', 'Preheat oven to 370 degrees Fahrenheit', 'Bake for 12 to 14 minutes.', 'Sprinkle the cheese on top. Set the oven to broil and then continue broiling for 3 minutes.', 'Serve with toasted bread. Share and enjoy!']"
Lugaw Recipe,https://panlasangpinoy.com/wp-content/uploads/2012/12/Lugaw.jpg,"['▢ 1 cup long grain white rice', '▢ 4 to 5 cups water', '▢ 2 teaspoons salt', '▢ 1/4 cup rousong pork floss']","['Pour water in a cooking pot. Bring to a boil.', 'Put-in the rice. Continue cooking for 30 minutes or until the texture becomes thick, while stirring once in awhile.', 'Add the salt, stir and then cook for 2 minutes more.', 'Transfer to a serving bowl. Top with a tablespoon of rousing.', 'Serve hot. Share and enjoy!']"
Ground Beef Basil and Tomato Frittata,https://panlasangpinoy.com/wp-content/uploads/2012/11/Ground-Beef-Basil-and-Tomato-Frittata.jpg,"['▢ 1/2 lb. ground beef', '▢ 3 tablespoons chopped basil', '▢ 3 pieces Roma tomato diced', '▢ 6 eggs beaten', '▢ 1 teaspoon salt', '▢ 1/4 teaspoon ground black pepper', '▢ 1 tablespoon cooking oil']","['Heat the oil in a pan. Put-in the beef and then cook for 3 to 5 minutes.', 'Add the basil. Cook for 1 minute. Turn the heat off and Let the beef cool down.', 'Preheat oven to 350 degrees Fahrenheit.', 'In a large mixing bowl, combine eggs, cooked beef and basil, tomato, salt, and pepper. Beat.', 'Pour the mixture into an oval baking pan.', 'Bake for 20 to 30 minutes, or until the mixture rises and becomes solid. Do not over bake.', 'Serve with tomato ketchup.', 'Share and enjoy!']"
Longganisa Fried Rice,https://panlasangpinoy.com/wp-content/uploads/2012/12/Longganisa-Fried-Rice.jpg,"['▢ 5 cups leftover steamed white rice', '▢ 3 pieces longganisa removed from the casing and the chopped', '▢ 2 raw eggs', '▢ 2 teaspoons sea salt', '▢ 1 teaspoon garlic powder', '▢ 2 teaspoons soy sauce', '▢ 3 tablespoons cooking oil']","['Combine the rice, salt, and garlic powder. Gently mash the mixture until the rice breaks apart and all the ingredients are well distributed.', 'Heat the oil in a wide frying pan.', 'When the oil becomes hot, put-in the chopped longganisa. Cook for 2 minutes.', 'Put-in the mashed rice. Cook for 5 minutes in medium heat while stirring once in awhile.', 'Make a space in the pan by putting the rice on one side.', 'Crack the eggs and then put in the open space of the pan. Let the eggs cook and then chop using the tip of your spatula.', 'Gently mix the eggs with the rest of the Ingredients.', 'Pour-in the soy sauce. Stir and then cook for one minute.', 'Transfer to a serving plate.', 'Serve. Share and enjoy!']"
Salmon Patty Recipe,https://panlasangpinoy.com/wp-content/uploads/2012/11/Salmon-Patty.jpg,"['▢ 2 salmon fillets skinned and finely chopped', '▢ 1 tbsp soy sauce', '▢ 1 egg', '▢ 1/2 tsp salt', '▢ 1/2 cup bread crumbs', '▢ 5-7 pcs baby carrots or 1 piece carrot finely chopped', '▢ 1/4 cup onion finely chopped']","['In a bowl, combine beaten egg, soy sauce and salt.', 'Add onion, carrots, salmon and bread crumbs.', 'Toss gently to combine.', 'Form mixture into patties.', 'Heat a frying pan or skillet and fry both sides of the patties in low to medium heat for 4 to 6 minutes or until it turns medium brown.']"
"Turkey, Egg, and Cheese Breakfast Sandwich",https://panlasangpinoy.com/wp-content/uploads/2012/11/Turkey-Egg-and-Cheese-Breakfast-Sandwich.jpg,"['▢ 2 slices leftover roast turkey', '▢ A slice of Colby jack cheese', '▢ 1 large fried egg over easy', '▢ 2 slices of high fiber multigrain bread', '▢ 1 tablespoon mayonnaise']","['Toast the bread slices.', 'Spread mayonnaise on one side of the bread.', 'Arrange Colby jack cheese (or your favorite cheese variety), turkey, and place the fried egg on top. Note: you can add ketchup if desired.', 'Serve for breakfast along with coffee, hot chocolate, milk, or orange juice.', 'Share and enjoy!']"
Egg and Cheese English Muffin Sandwich,https://panlasangpinoy.com/wp-content/uploads/2012/09/Egg-and-Cheese-English-Muffin-Sandwich.jpg,"['▢ 2 medium eggs', '▢ 2 English muffins sliced into half horizontally', '▢ 2 American cheese singles', '▢ 2 tablespoons mayonnaise', '▢ 2 teaspoons tomato ketchup', '▢ 1 tablespoon cooking oil']","['In a small bowl, combine mayonnaise and ketchup. Mix well. Set aside.', 'Heat a wide frying pan.', 'Toast both sides of the muffin in the heated pan. Set aside', 'Put-in the cooking oil and then fry the eggs. You can do over easy or sunny side up. You can also do pouched egg if frying is not an option.', 'Spread the mayonnaise mixture on one side of the English muffin. Arrange one egg on top and then place the cheese above the egg. Cover with the other half of the muffin.', 'With excess oil wiped-out in the pan, put-the egg muffin back (with egg and cheese). Make sure the muffins touch the pan, not the egg nor cheese. Heat both sides for 1 minute or until the cheese starts to melt.', 'Serve for breakfast along with brewed coffee or hot chocolate. Share and enjoy!']"
Ghostly Dark Chocolate Cupcake,https://panlasangpinoy.com/wp-content/uploads/2012/10/Ghostly-Chocolate-Cupcake.jpg,"['▢ 1 1/4 cups all-purpose flour sifted', '▢ 4 tablespoons unsweetened Cocoa powder sifted', '▢ 1 teaspoon baking soda sifted', '▢ 1 large egg', '▢ 8 tablespoons brown sugar', '▢ 1/2 cup granulated white sugar', '▢ 10 tablespoons fresh milk', '▢ 1 stick unsalted butter softened', '▢ 1/4 teaspoon salt sifted', '▢ Ghost candies', '▢ Instant orange colored cupcake icing']","['Combine AP flour, baking soda, cocoa powder, and salt in a mixing bowl. Whisk to incorporate the ingredients. Set aside.', 'Cream the butter using an electric or sand mixer.', 'Gradually whisk-in the sugars (white and brown) and egg.', 'Slowly add the milk while whisking and then gradually put-in the flour mixture. Continue whisking until a homogeneous mixture is formed.', 'Preheat oven to 350 degrees Fahrenheit.', 'Pour the cupcake batter in cupcake colds arranged in cupcake trays.', 'Bake for 14 to 18 minutes, or until it passes the toothpick test', 'Remove from the oven to cool down. Frost using the instant orange colored frosting and top with a ghost candy.', 'Serve during your Halloween party. Share and enjoy!']"
Bacon and Egg Fried Rice Recipe,https://panlasangpinoy.com/wp-content/uploads/2012/10/Bacon-and-Egg-Fried-Rice.jpg,"['▢ 6 cups leftover white rice', '▢ 10 strips uncooked bacon chopped', '▢ 2 eggs', '▢ 3/4 cup frozen green peas', '▢ 1 1/2 teaspoons salt', '▢ 1 teaspoon garlic powder', '▢ 3 teaspoons light soy sauce']","['Heat a Dutch oven and then put-in the chopped bacon.', 'Let the bacon cook until semi-crispy and all the oils come out.', 'Scoop out excess oil to the point that around 4 to 5 tablespoons are left.', 'Put the bacon on one end of the Dutch oven or cooking pot and then fry the eggs on the other side.', 'When the eggs are cooked, use the spatula to chop them into small pieces.', 'Put-in the rice. Sprinkle salt and garlic powder. Gently stir while cooking for about 4 minutes.', 'Pour-in soy sauce. Stir and then cook for 4 minutes. Stir continuously by scooping the rice at the bottom to prevent it from getting burnt.', 'Add the green peas. Stir once more and cook for another 3 to 6 minutes.', 'Transfer to a serving plate.', 'Serve with your favorite main dish. Share and enjoy!']"
Sausage and Egg Waffle Sandwich,https://panlasangpinoy.com/wp-content/uploads/2012/09/Sausage-and-Egg-Waffle-Sandwich.jpg,"['▢ 3 pieces eggs individually scrambled and fried', '▢ 3 sausage patties fried', '▢ Pancake syrup', '▢ 1 cup all-purpose flour', '▢ 1 tablespoon granulated white sugar', '▢ 12 tablespoons warm milk', '▢ 3 tablespoons melted butter unsalted', '▢ 1 piece raw egg', '▢ 1/2 teaspoon vanilla extract', '▢ 2 teaspoons baking powder', '▢ 1/2 teaspoon salt']","['Combine baking powder, all-purpose flour, salt, and sugar in a mixing bowl. Mix using a wire whisk.', 'Beat the egg in another bowl while gradually pouring-in the milk, butter, and vanilla extract.', 'Combine the egg mixture with the dry ingredients and mix well to incorporate.', 'Preheat the waffle iron. When it becomes hot, scoop the mixture into it', 'Continue cooking until the waffles becomes crisp and golden brown. Set aside.', 'Arrange the cooked sausage patty and egg in between 2 waffles. Place a slice of butter on top of the waffle and pour-in a little pancake syrup.', 'Serve. Share and enjoy!']"
Pork Tapsilog Recipe,https://panlasangpinoy.com/wp-content/uploads/2012/09/pork-tapsilog-recipe-750x750.jpg,"['▢ 1 lb. pork loin thinly sliced', '▢ 4 pieces  eggs fried', '▢ 4 cups garlic rice', '▢ 2 teaspoons  garlic minced', '▢ 3 tablespoons soy sauce', '▢ ½ teaspoon granulated white sugar', '▢ 3 tablespoons cooking oil', '▢ 1/2  teaspoon salt', '▢ 1/4 teaspoon  ground black pepper']","['In a medium resealable bag, combine pork, soy sauce, garlic, sugar, salt, and pepper. Mix well and then marinate overnight inside the fridge.1 lb. pork loin, 2 teaspoons  garlic, 3 tablespoons soy sauce, ½ teaspoon granulated white sugar, 1/2  teaspoon salt, 1/4 teaspoon  ground black pepper', 'Heat the frying pan and then pour-in the cooking oil.3 tablespoons cooking oil', 'When the oil becomes hot, fry the marinated pork pieces in low to medium heat until the color turns medium brown. Flip as necessary to cook the opposite side.', 'Arrange the fried marinated pork, a cup of garlic rice, and a piece of fried egg in individual plates.', 'Serve with spicy vinegar and ketchup. Share and enjoy!']"
Ginisang Sardinas Recipe (Sautéed Sardines),https://panlasangpinoy.com/wp-content/uploads/2012/06/Ginisang-Sardinas02042340.jpg,"['▢ 11 ounces sardines in tomato sauce about 2 small cans', '▢ 1 medium red onion sliced lengthwise', '▢ 3 cloves garlic crushed', '▢ 1 tablespoons flat leaf parsley chopped', '▢ 1 medium ripe tomato chopped', '▢ 2 teaspoons lemon or calamansi juice', '▢ 2 pieces birds eye chili siling labuyo *Optional', '▢ 1 teaspoon fish sauce or salt', '▢ 1/2 teaspoon ground black pepper', '▢ 2 tablespoons cooking oil']","['Heat the oil in a pan.', 'Sauté the garlic and onion', 'When the onion becomes soft, add the tomato and cook for 3 minutes.', 'Pour-in the sardines in tomato sauce and chili. Stir and let boil.', 'Cook for 5 minutes in low to medium heat. You may add a little water if needed.', 'Add-in the lemon juice, ground black pepper, and salt or fish sauce. Stir and cook for a minute more.', 'Turn off heat and then transfer to a serving bowl. Garnish with chopped flat leaf parsley.', 'Serve with steamed rice. Share and enjoy!']"
Dulong Fishcake,https://panlasangpinoy.com/wp-content/uploads/2012/03/Dulong-Fish-Cake.jpg,"['▢ 1 lb dulong silver fish, cleaned', '▢ 3/4 cup breadcrumbs', '▢ 1 piece raw egg beaten', '▢ 1 tablespoon mayonnaise', '▢ 3 teaspoons lemon juice', '▢ 1 teaspoon minced garlic', '▢ 1/2 teaspoon Dijon mustard', '▢ 1 teaspoon salt', '▢ 1/2 teaspoon ground black pepper', '▢ 2 tablespoons extra vigin olive oil', '▢ 2 tablespoons butter']","['Combine fish, 1/ 2 cup bread crumbs, egg, salt, pepper, mustard, garlic, mayonnaise, and lemon juice. Mix well.', 'Scoop the mixture and shape into individual patties. Dredge in remaining 1/4 cup breadcrumbs. Set Aside.', 'Melt butter in a pan. Pour-in olive oil.', 'Pan-fry the fish patties in medium heat for about 5 to 6 minutes per side.', 'Remove from the pan. Arrange in a serving plate.', 'Serve with chips or salad and top with ranch dressing. Share and enjoy!']"
Ham and Egg Fried Rice,https://panlasangpinoy.com/wp-content/uploads/2012/02/ham-fried-rice-and-egg-750x750.jpg,"['▢ 4 cups cooked rice preferably a day old', '▢ 3/4 cups ham chopped into small pieces', '▢ 2  eggs beaten', '▢ 1 tablespoon low sodium soy sauce', '▢ 1 teaspoon salt', '▢ 1 teaspoon garlic powder optional', '▢ 2 teaspoons canola oil']","['Combine rice, salt and garlic powder. Gently mix the ingredients using a slotted spoon or your clean hands. Set aside.4 cups cooked rice, 1 teaspoon salt, 1 teaspoon garlic powder', 'Heat the oil in a pan.2 teaspoons canola oil', 'Add the ham and cook for 2 minutes.3/4 cups ham', 'Put-in the rice. Stir.', 'Add soy sauce and stir. Cook for 5 minutes.1 tablespoon low sodium soy sauce', 'Clear one side of the pan by moving the rice on the other side to the point where you can see the bottom of the pan.', 'Pour-in the beaten egg. Let it cook then cut it into small pieces using the tip of your spatula.2  eggs', 'Mix the egg with the rice and other ingredients. Cook for 2 to 3 minutes more.', 'Transfer to a serving plate. Serve.', 'Share and enjoy.']"
Bacon Frittata Recipe,https://panlasangpinoy.com/wp-content/uploads/2011/10/Bacon-Fritatta.jpg,"['▢ 8 strips cooked bacon crumbled', '▢ 2 medium potatoes shredded', '▢ 4 pieces eggs', '▢ 1/4 cup fresh milk', '▢ 3 pieces fresh basil leaves chopped', '▢ 1 cup plum tomato diced', '▢ 3/4 cup sharp cheddar cheese shredded', '▢ 1/4 teaspoon salt', '▢ 3 tablespoons olive oil']","['Heat a frying pan and pour-in olive oil', 'Add the potatoes an fry until the color turns light brown.', 'Combine eggs, salt, bacon, and milk. Whisk and pour over the potatoes.Cook in low to medium heat for 4 to 5 minutes.', 'Arrange cheese, tomatoes, and basil over the egg. Cover the pan and continue cooking in low heat for 4 to 6 minutes.', 'Turn off the heat and transfer to a serving plate.', 'Serve with toasted bread for breakfast.', 'Share and enjoy!']"
Bacon and Spinach Quiche,https://panlasangpinoy.com/wp-content/uploads/2011/10/Bacon-and-Spinach-Quiche.jpg,N/A,N/A
Tortang Dulong Recipe,https://panlasangpinoy.com/wp-content/uploads/2014/09/Tortang-Dulong1.jpg,"['▢ 1 lb silverfish', '▢ 4 pieces raw eggs', '▢ 1/2 teaspoon salt', '▢ 1/2 teaspoon ground black pepper', '▢ 3 tablespoons cooking oil']","['Combine eggs, salt, and ground black pepper then beat until everything is well incorporated.', 'Add-in the silverfish and mix well.', 'Heat a frying pan and pour-in cooking oil.', 'Once the oil heats-up, scoop about half a cup of the mixture using a kitchen ladle and gently pour it in the frying pan.', 'Cook the first side for about 3 to 5 minutes then flip to cook the other side.', 'Turn-off the heat and transfer to a serving plate.', 'Serve for breakfast. Share and enjoy!']"
Goto Recipe (Rice Porridge),https://panlasangpinoy.com/wp-content/uploads/2015/05/GotoFront1.jpg,"['▢ 1 ½ lbs ox tripe cut into serving pieces', '▢ 1 cup uncooked rice', '▢ 17 ounces water about 500 ml', '▢ 17 ounces beef stock about 500 ml or 1 piece beef cube (bouillon) diluted in 17 ounces of water', '▢ 2 tablespoons fish sauce', '▢ 1 teaspoon garlic minced', '▢ 1/2 teaspoon ground black pepper', '▢ 1 cup onion minced', '▢ 4 pieces hard boiled eggs', '▢ 1 cup scallions green onions, minced', '▢ 2 knobs ginger julienned', '▢ 1 tablespoon safflower kasubha', '▢ 1 piece lemon or 4 pieces calamansi', '▢ ¾ cup chicharon pork rinds, crushed', '▢ 2 tablespoons cooking oil']","['In a pot, heat the cooking oil then sauté the garlic, onion, and ginger', 'Dash-in some ground black pepper', 'Add the ox tripe and cook for 2 minutes', 'Pour-in the fish sauce and water then simmer until the ox tripe is tender (you may use a pressure cooker for faster results)', 'Add the uncooked rice and stir', 'Pour-in the beef broth and bring to a boil.', 'Stir occasionally until the rice reaches the desired consistency (about 40 minutes). Add water as needed', 'Put-in the hard boiled eggs then stir.', 'Add the safflower for additional color and aroma.', 'Serve hot with minced green onions, crushed chicharon, and lemon. Share and Enjoy!']"
Crab Meat Omelette,https://panlasangpinoy.com/wp-content/uploads/2015/04/crabMeatOmelette-580-750x576.jpg,"['▢ 3/4 cup crab meat fresh or canned', '▢ 1 small onion thinly sliced lengthwise', '▢ 3 pieces raw eggs', '▢ 4 tbsp. butter', '▢ 2 tbsp. green onions minced (optional)', '▢ Salt and pepper to taste']","['Heat the frying pan and put-in 2 tbsp of butter then allow to melt.', 'Add the onion, crab meat, and green onions then cook until half done', 'Add salt and pepper to taste then set aside.', 'Heat the same frying pan (apply low heat) and put-in the remaining butter then allow to melt.', 'Crack the eggs and place in a bowl then add some salt', 'Whisk the eggs and pour on the frying pan', 'Tilt the frying pan to allow the uncooked portions of the eggs (liquid form) to occupy the whole surface of the pan. You can also pull from the middle part of the pan to allow uncooked portions of the egg to occupy the space.', 'Put the cooked crab meat and onions on top of the half side of the omelette.', 'Cover the crab meat and onions by folding the other side of the omelette.', 'Place in a serving plate.', 'Serve hot with bread or rice. Share and Enjoy!']"
Champorado Recipe,https://panlasangpinoy.com/wp-content/uploads/2009/09/champorado-recipe.jpg,"['▢ 8 tbsp cocoa powder or about 4 pieces tableya', '▢ 1 cup glutinous rice malagkit', '▢ 1/2 cup sugar', '▢ 3 1/2 cups water', '▢ condensed milk optional']","['Pour 2 1/2 cups of water in a pot and bring to a boil', 'Put-in the glutinous rice and allow water to re-boil for a few minutes', 'Dilute the cocoa powder in 1 cup warm water then pour-in the pot. Stir continuously', 'Once the glutinous rice is cooked (about 12 to 18 minutes of cooking with constant stirring), add the sugar and cook for another 5 minutes or until the texture becomes thick.', 'Remove from the pot and place in a serving bowl.', 'Serve hot with a swirl of condensed milk on top.']"
Pandesal Recipe,https://panlasangpinoy.com/wp-content/uploads/2009/08/Pandesal-1-750x750.jpg,"['▢ 2 cups all purpose flour', '▢ 2 cups bread flour', '▢ 1/2 cup white sugar', '▢ 5 tbsp butter melted', '▢ 1 tsp baking powder', '▢ 1 1/4 cup fresh milk warm', '▢ 1 pouch rapid rise yeast', '▢ 1 tsp salt', '▢ 1 cup bread crumbs', '▢ 1 piece raw egg', '▢ 1 tbsp cooking oil']","['Combine the yeast, 2 tablespoons sugar, and warm milk and stir until the yeast and sugar are fully dissolved1 1/4 cup fresh milk, 1 pouch rapid rise yeast', 'In the mixing bowl, combine the dry ingredients starting with the flour then the remaining sugar, salt, and baking powder . Mix well by stirring2 cups all purpose flour, 2 cups bread flour, 1/2 cup white sugar, 1 tsp salt, 1 tsp baking powder', 'Add the egg, butter, cooking oil, and yeast-sugar-milk mixture in the mixing bowl with the dry ingredients then mix again until a dough is formed. Use your clean hands to effectively mix the ingredients.5 tbsp butter, 1 piece raw egg, 1 tbsp cooking oil', 'In a flat surface, knead the dough until the texture becomes fine. For faster and easier kneading, you may use a Stand Mixer with dough hook.', 'Mold the dough until shape becomes round then put back in the mixing bowl. Cover the mixing bowl with damp cloth and let the dough rise for at least 1 hour', 'Put the dough back to the flat surface and divide into 4 equal parts using a dough slicer', 'Roll each part until it forms a cylindrical shape', 'Slice the cylindrical dough diagonally (These slices will be the individual pieces of the pandesal)', 'Roll the sliced dough over the breadcrumbs and place in a baking tray with wax paper (makes sure to provide gaps between dough as this will rise later on)', 'Leave the sliced dough with breadcrumbs in the tray for another 10 to 15 minutes to rise', 'Pre-heat the oven at 375 degrees Fahrenheit for 10 minutes', 'Put the tray with dough in the oven and bake for 15 minutes', 'Turn off the oven and remove the freshly baked pandesal.', 'Serve hot. Share and enjoy!']"
Longanisa Recipe (Filipino Sausage),https://panlasangpinoy.com/wp-content/uploads/2015/10/Longganisa-Sausage.jpg,"['▢ 2 1/4 lbs ground pork', '▢ 1 tablespoon coarse salt', '▢ 1/2 teaspoon Prague powder #1', '▢ 1 teaspoon sodium phosphate', '▢ 1/4 cup cold water', '▢ 1/4 cup TVP Textured Vegetable Protein', '▢ 1 tablespoon Isolate', '▢ 1/2 teaspoon Carrageenan', '▢ 2 tablespoon sugar', '▢ 6 tablespoon garlic minced', '▢ 2 tablespoon paprika for color', '▢ 3 tablespoon Anise Liquor', '▢ 1 tablespoon ground black pepper', '▢ 2 tablespoon pineapple juice', '▢ 1/2 teaspoon meat enhancer  optional']","['In a large container mix the salt, Prague powder, phosphate, Anise liquor, and water', 'Add the Textured Vegetable Protein, Isolate, and Carrageenan', 'Add the ground pork followed by the sugar, garlic, paprika, ground black pepper, pineapple juice, and meat enhancer then mix thoroughly.', 'Place inside the refrigerator for 12 hours. (Note: Take note of the time. The mixture will smell sour if left for more than 12 hours)', 'Shape and wrap the longanisa individually. You can use sausage casings or you can simply shape the mixture over a wax or parchment paper. At this point, the finished product is ready to be cooked.']"
Homemade Pork Tocino Recipe,https://panlasangpinoy.com/wp-content/uploads/2014/10/Tocino.jpg,"['▢ 2 lbs. pork ham', '▢ 1 1/2 tablespoons sea salt', '▢ 1/2 teaspoon Prague powder #1', '▢ 3/4 cups granulated white sugar', '▢ 1 teaspoon sodium phosphate', '▢ 1/4 cup anisette liquor', '▢ 1/2 cup pineapple juice', '▢ 1/4 cup crushed garlic', '▢ 1 tablespoon garlic powder', '▢ 1/4 teaspoon Vitamin C powder', '▢ 1/4  teaspoon Red food coloring']","['Slice the pork ham to about ¼ inch thickness', 'Dissolve the sodium phosphate in 5 tablespoons of water.', 'Except for the meat, combine all ingredients in a large bowl and mix well', 'Apply the combined mixture to the meat by rubbing. Make sure that the mixture is evenly distributed across the meat', 'Place the mixed ingredients in a covered container', 'Store the covered container (with meat and mixture) in room temperature for 14 hours. It may also be refrigerated but would take at least 3.5 days to complete.']"
